run,seed,regeneration-rate,num-turtles,search-radius,knowledge-gain,old-age,metabolism,shock-prob,reproduction-cost,[steps],numTurtles,meanFood,totKnowledge
1,1,0.2,100,5,0.1,75,0.1,0,0.5,1000,0,0,0
2,2,0.2,100,5,0.1,75,0.1,0,0.5,999,209,1.13062201,29.6
3,3,0.2,100,5,0.1,75,0.1,0,0.5,999,203,1.160591133,15.9
4,4,0.2,100,5,0.1,75,0.1,0,0.5,999,160,1.22625,11.8
5,5,0.2,100,5,0.1,75,0.1,0,0.5,999,193,1.278238342,15.2
6,6,0.2,100,5,0.1,75,0.1,0,0.5,999,185,1.364864865,20.1
7,7,0.2,100,5,0.1,75,0.1,0,0.5,999,181,1.290055249,12.7
8,8,0.2,100,5,0.1,75,0.1,0,0.5,999,129,1.441085271,10.6
9,9,0.2,100,5,0.1,75,0.1,0,0.5,999,189,1.312698413,13.1
10,10,0.2,100,5,0.1,75,0.1,0,0.5,999,213,1.271361502,17.3
11,1,0.5,100,5,0.1,75,0.1,0,0.5,999,183,1.289617486,21.5
12,2,0.5,100,5,0.1,75,0.1,0,0.5,999,209,1.13062201,29.6
13,3,0.5,100,5,0.1,75,0.1,0,0.5,999,203,1.160591133,15.9
14,4,0.5,100,5,0.1,75,0.1,0,0.5,999,160,1.22625,11.8
15,5,0.5,100,5,0.1,75,0.1,0,0.5,999,193,1.278238342,15.2
16,6,0.5,100,5,0.1,75,0.1,0,0.5,999,185,1.364864865,20.1
17,7,0.5,100,5,0.1,75,0.1,0,0.5,999,181,1.290055249,12.7
18,8,0.5,100,5,0.1,75,0.1,0,0.5,999,129,1.441085271,10.6
19,9,0.5,100,5,0.1,75,0.1,0,0.5,999,189,1.312698413,13.1
20,10,0.5,100,5,0.1,75,0.1,0,0.5,999,213,1.271361502,17.3
21,1,1,100,5,0.1,75,0.1,0,0.5,999,183,1.289617486,21.5
22,2,1,100,5,0.1,75,0.1,0,0.5,999,209,1.13062201,29.6
23,3,1,100,5,0.1,75,0.1,0,0.5,999,203,1.160591133,15.9
24,4,1,100,5,0.1,75,0.1,0,0.5,999,160,1.22625,11.8
25,5,1,100,5,0.1,75,0.1,0,0.5,999,193,1.278238342,15.2
26,6,1,100,5,0.1,75,0.1,0,0.5,999,185,1.364864865,20.1
27,7,1,100,5,0.1,75,0.1,0,0.5,999,181,1.290055249,12.7
28,8,1,100,5,0.1,75,0.1,0,0.5,999,129,1.441085271,10.6
29,9,1,100,5,0.1,75,0.1,0,0.5,999,189,1.312698413,13.1
30,10,1,100,5,0.1,75,0.1,0,0.5,999,213,1.271361502,17.3
31,1,0.2,100,5,0.25,75,0.1,0,0.5,999,183,1.289617486,53.75
32,2,0.2,100,5,0.25,75,0.1,0,0.5,999,188,1.309574468,65.5
33,3,0.2,100,5,0.25,75,0.1,0,0.5,999,203,1.160591133,39.75
34,4,0.2,100,5,0.25,75,0.1,0,0.5,999,160,1.22625,29.5
35,5,0.2,100,5,0.25,75,0.1,0,0.5,999,193,1.278238342,38
36,6,0.2,100,5,0.25,75,0.1,0,0.5,999,185,1.364864865,50.25
37,7,0.2,100,5,0.25,75,0.1,0,0.5,999,181,1.290055249,31.75
38,8,0.2,100,5,0.25,75,0.1,0,0.5,999,129,1.441085271,26.5
39,9,0.2,100,5,0.25,75,0.1,0,0.5,999,189,1.312698413,32.75
40,10,0.2,100,5,0.25,75,0.1,0,0.5,999,213,1.271361502,43.25
41,1,0.5,100,5,0.25,75,0.1,0,0.5,999,183,1.289617486,53.75
42,2,0.5,100,5,0.25,75,0.1,0,0.5,999,188,1.309574468,65.5
43,3,0.5,100,5,0.25,75,0.1,0,0.5,999,203,1.160591133,39.75
44,4,0.5,100,5,0.25,75,0.1,0,0.5,999,160,1.22625,29.5
45,5,0.5,100,5,0.25,75,0.1,0,0.5,999,193,1.278238342,38
46,6,0.5,100,5,0.25,75,0.1,0,0.5,999,185,1.364864865,50.25
47,7,0.5,100,5,0.25,75,0.1,0,0.5,999,181,1.290055249,31.75
48,8,0.5,100,5,0.25,75,0.1,0,0.5,999,129,1.441085271,26.5
49,9,0.5,100,5,0.25,75,0.1,0,0.5,999,189,1.312698413,32.75
50,10,0.5,100,5,0.25,75,0.1,0,0.5,999,213,1.271361502,43.25
51,1,1,100,5,0.25,75,0.1,0,0.5,999,183,1.289617486,53.75
52,2,1,100,5,0.25,75,0.1,0,0.5,999,188,1.309574468,65.5
53,3,1,100,5,0.25,75,0.1,0,0.5,999,203,1.160591133,39.75
54,4,1,100,5,0.25,75,0.1,0,0.5,999,160,1.22625,29.5
55,5,1,100,5,0.25,75,0.1,0,0.5,999,193,1.278238342,38
56,6,1,100,5,0.25,75,0.1,0,0.5,999,185,1.364864865,50.25
57,7,1,100,5,0.25,75,0.1,0,0.5,999,181,1.290055249,31.75
58,8,1,100,5,0.25,75,0.1,0,0.5,999,129,1.441085271,26.5
59,9,1,100,5,0.25,75,0.1,0,0.5,999,189,1.312698413,32.75
60,10,1,100,5,0.25,75,0.1,0,0.5,999,213,1.271361502,43.25
61,1,0.2,100,5,0.5,75,0.1,0,0.5,999,209,1.218660287,115
62,2,0.2,100,5,0.5,75,0.1,0,0.5,999,186,1.3,131
63,3,0.2,100,5,0.5,75,0.1,0,0.5,999,224,1.305357143,105.5
64,4,0.2,100,5,0.5,75,0.1,0,0.5,999,160,1.22625,59
65,5,0.2,100,5,0.5,75,0.1,0,0.5,999,193,1.278238342,76
66,6,0.2,100,5,0.5,75,0.1,0,0.5,999,185,1.364864865,100.5
67,7,0.2,100,5,0.5,75,0.1,0,0.5,999,204,1.267647059,107
68,8,0.2,100,5,0.5,75,0.1,0,0.5,999,129,1.441085271,53
69,9,0.2,100,5,0.5,75,0.1,0,0.5,999,189,1.312698413,65.5
70,10,0.2,100,5,0.5,75,0.1,0,0.5,999,120,1.244166667,38
71,1,0.5,100,5,0.5,75,0.1,0,0.5,999,209,1.218660287,115
72,2,0.5,100,5,0.5,75,0.1,0,0.5,999,186,1.3,131
73,3,0.5,100,5,0.5,75,0.1,0,0.5,999,224,1.305357143,105.5
74,4,0.5,100,5,0.5,75,0.1,0,0.5,999,160,1.22625,59
75,5,0.5,100,5,0.5,75,0.1,0,0.5,999,193,1.278238342,76
76,6,0.5,100,5,0.5,75,0.1,0,0.5,999,185,1.364864865,100.5
77,7,0.5,100,5,0.5,75,0.1,0,0.5,999,204,1.267647059,107
78,8,0.5,100,5,0.5,75,0.1,0,0.5,999,129,1.441085271,53
79,9,0.5,100,5,0.5,75,0.1,0,0.5,999,189,1.312698413,65.5
80,10,0.5,100,5,0.5,75,0.1,0,0.5,999,120,1.244166667,38
81,1,1,100,5,0.5,75,0.1,0,0.5,999,209,1.218660287,115
82,2,1,100,5,0.5,75,0.1,0,0.5,999,186,1.3,131
83,3,1,100,5,0.5,75,0.1,0,0.5,999,224,1.305357143,105.5
84,4,1,100,5,0.5,75,0.1,0,0.5,999,160,1.22625,59
85,5,1,100,5,0.5,75,0.1,0,0.5,999,193,1.278238342,76
86,6,1,100,5,0.5,75,0.1,0,0.5,999,185,1.364864865,100.5
87,7,1,100,5,0.5,75,0.1,0,0.5,999,204,1.267647059,107
88,8,1,100,5,0.5,75,0.1,0,0.5,999,129,1.441085271,53
89,9,1,100,5,0.5,75,0.1,0,0.5,999,189,1.312698413,65.5
90,10,1,100,5,0.5,75,0.1,0,0.5,999,120,1.244166667,38
91,1,0.2,100,5,0.1,75,0.25,0,0.5,38,0,0,0
92,2,0.2,100,5,0.1,75,0.25,0,0.5,147,0,0,0
93,3,0.2,100,5,0.1,75,0.25,0,0.5,63,0,0,0
94,4,0.2,100,5,0.1,75,0.25,0,0.5,66,0,0,0
95,5,0.2,100,5,0.1,75,0.25,0,0.5,92,0,0,0
96,6,0.2,100,5,0.1,75,0.25,0,0.5,47,0,0,0
97,7,0.2,100,5,0.1,75,0.25,0,0.5,34,0,0,0
98,8,0.2,100,5,0.1,75,0.25,0,0.5,30,0,0,0
99,9,0.2,100,5,0.1,75,0.25,0,0.5,45,0,0,0
100,10,0.2,100,5,0.1,75,0.25,0,0.5,56,0,0,0
101,1,0.5,100,5,0.1,75,0.25,0,0.5,38,0,0,0
102,2,0.5,100,5,0.1,75,0.25,0,0.5,147,0,0,0
103,3,0.5,100,5,0.1,75,0.25,0,0.5,63,0,0,0
104,4,0.5,100,5,0.1,75,0.25,0,0.5,66,0,0,0
105,5,0.5,100,5,0.1,75,0.25,0,0.5,92,0,0,0
106,6,0.5,100,5,0.1,75,0.25,0,0.5,47,0,0,0
107,7,0.5,100,5,0.1,75,0.25,0,0.5,34,0,0,0
108,8,0.5,100,5,0.1,75,0.25,0,0.5,30,0,0,0
109,9,0.5,100,5,0.1,75,0.25,0,0.5,45,0,0,0
110,10,0.5,100,5,0.1,75,0.25,0,0.5,56,0,0,0
111,1,1,100,5,0.1,75,0.25,0,0.5,38,0,0,0
112,2,1,100,5,0.1,75,0.25,0,0.5,147,0,0,0
113,3,1,100,5,0.1,75,0.25,0,0.5,63,0,0,0
114,4,1,100,5,0.1,75,0.25,0,0.5,66,0,0,0
115,5,1,100,5,0.1,75,0.25,0,0.5,92,0,0,0
116,6,1,100,5,0.1,75,0.25,0,0.5,47,0,0,0
117,7,1,100,5,0.1,75,0.25,0,0.5,34,0,0,0
118,8,1,100,5,0.1,75,0.25,0,0.5,30,0,0,0
119,9,1,100,5,0.1,75,0.25,0,0.5,45,0,0,0
120,10,1,100,5,0.1,75,0.25,0,0.5,56,0,0,0
121,1,0.2,100,5,0.25,75,0.25,0,0.5,38,0,0,0
122,2,0.2,100,5,0.25,75,0.25,0,0.5,147,0,0,0
123,3,0.2,100,5,0.25,75,0.25,0,0.5,63,0,0,0
124,4,0.2,100,5,0.25,75,0.25,0,0.5,66,0,0,0
125,5,0.2,100,5,0.25,75,0.25,0,0.5,92,0,0,0
126,6,0.2,100,5,0.25,75,0.25,0,0.5,47,0,0,0
127,7,0.2,100,5,0.25,75,0.25,0,0.5,34,0,0,0
128,8,0.2,100,5,0.25,75,0.25,0,0.5,30,0,0,0
129,9,0.2,100,5,0.25,75,0.25,0,0.5,45,0,0,0
130,10,0.2,100,5,0.25,75,0.25,0,0.5,56,0,0,0
131,1,0.5,100,5,0.25,75,0.25,0,0.5,38,0,0,0
132,2,0.5,100,5,0.25,75,0.25,0,0.5,147,0,0,0
133,3,0.5,100,5,0.25,75,0.25,0,0.5,63,0,0,0
134,4,0.5,100,5,0.25,75,0.25,0,0.5,66,0,0,0
135,5,0.5,100,5,0.25,75,0.25,0,0.5,92,0,0,0
136,6,0.5,100,5,0.25,75,0.25,0,0.5,47,0,0,0
137,7,0.5,100,5,0.25,75,0.25,0,0.5,34,0,0,0
138,8,0.5,100,5,0.25,75,0.25,0,0.5,30,0,0,0
139,9,0.5,100,5,0.25,75,0.25,0,0.5,45,0,0,0
140,10,0.5,100,5,0.25,75,0.25,0,0.5,56,0,0,0
141,1,1,100,5,0.25,75,0.25,0,0.5,38,0,0,0
142,2,1,100,5,0.25,75,0.25,0,0.5,147,0,0,0
143,3,1,100,5,0.25,75,0.25,0,0.5,63,0,0,0
144,4,1,100,5,0.25,75,0.25,0,0.5,66,0,0,0
145,5,1,100,5,0.25,75,0.25,0,0.5,92,0,0,0
146,6,1,100,5,0.25,75,0.25,0,0.5,47,0,0,0
147,7,1,100,5,0.25,75,0.25,0,0.5,34,0,0,0
148,8,1,100,5,0.25,75,0.25,0,0.5,30,0,0,0
149,9,1,100,5,0.25,75,0.25,0,0.5,45,0,0,0
150,10,1,100,5,0.25,75,0.25,0,0.5,56,0,0,0
151,1,0.2,100,5,0.5,75,0.25,0,0.5,38,0,0,0
152,2,0.2,100,5,0.5,75,0.25,0,0.5,147,0,0,0
153,3,0.2,100,5,0.5,75,0.25,0,0.5,63,0,0,0
154,4,0.2,100,5,0.5,75,0.25,0,0.5,66,0,0,0
155,5,0.2,100,5,0.5,75,0.25,0,0.5,92,0,0,0
156,6,0.2,100,5,0.5,75,0.25,0,0.5,47,0,0,0
157,7,0.2,100,5,0.5,75,0.25,0,0.5,34,0,0,0
158,8,0.2,100,5,0.5,75,0.25,0,0.5,39,0,0,0
159,9,0.2,100,5,0.5,75,0.25,0,0.5,45,0,0,0
160,10,0.2,100,5,0.5,75,0.25,0,0.5,56,0,0,0
161,1,0.5,100,5,0.5,75,0.25,0,0.5,38,0,0,0
162,2,0.5,100,5,0.5,75,0.25,0,0.5,147,0,0,0
163,3,0.5,100,5,0.5,75,0.25,0,0.5,63,0,0,0
164,4,0.5,100,5,0.5,75,0.25,0,0.5,66,0,0,0
165,5,0.5,100,5,0.5,75,0.25,0,0.5,92,0,0,0
166,6,0.5,100,5,0.5,75,0.25,0,0.5,47,0,0,0
167,7,0.5,100,5,0.5,75,0.25,0,0.5,34,0,0,0
168,8,0.5,100,5,0.5,75,0.25,0,0.5,39,0,0,0
169,9,0.5,100,5,0.5,75,0.25,0,0.5,45,0,0,0
170,10,0.5,100,5,0.5,75,0.25,0,0.5,56,0,0,0
171,1,1,100,5,0.5,75,0.25,0,0.5,38,0,0,0
172,2,1,100,5,0.5,75,0.25,0,0.5,147,0,0,0
173,3,1,100,5,0.5,75,0.25,0,0.5,63,0,0,0
174,4,1,100,5,0.5,75,0.25,0,0.5,66,0,0,0
175,5,1,100,5,0.5,75,0.25,0,0.5,92,0,0,0
176,6,1,100,5,0.5,75,0.25,0,0.5,47,0,0,0
177,7,1,100,5,0.5,75,0.25,0,0.5,34,0,0,0
178,8,1,100,5,0.5,75,0.25,0,0.5,39,0,0,0
179,9,1,100,5,0.5,75,0.25,0,0.5,45,0,0,0
180,10,1,100,5,0.5,75,0.25,0,0.5,56,0,0,0
181,1,0.2,100,5,0.1,75,0.1,0.1,0.5,357,0,0,0
182,2,0.2,100,5,0.1,75,0.1,0.1,0.5,171,0,0,0
183,3,0.2,100,5,0.1,75,0.1,0.1,0.5,183,0,0,0
184,4,0.2,100,5,0.1,75,0.1,0.1,0.5,122,0,0,0
185,5,0.2,100,5,0.1,75,0.1,0.1,0.5,37,0,0,0
186,6,0.2,100,5,0.1,75,0.1,0.1,0.5,352,0,0,0
187,7,0.2,100,5,0.1,75,0.1,0.1,0.5,88,0,0,0
188,8,0.2,100,5,0.1,75,0.1,0.1,0.5,147,0,0,0
189,9,0.2,100,5,0.1,75,0.1,0.1,0.5,51,0,0,0
190,10,0.2,100,5,0.1,75,0.1,0.1,0.5,81,0,0,0
191,1,0.5,100,5,0.1,75,0.1,0.1,0.5,357,0,0,0
192,2,0.5,100,5,0.1,75,0.1,0.1,0.5,171,0,0,0
193,3,0.5,100,5,0.1,75,0.1,0.1,0.5,183,0,0,0
194,4,0.5,100,5,0.1,75,0.1,0.1,0.5,122,0,0,0
195,5,0.5,100,5,0.1,75,0.1,0.1,0.5,37,0,0,0
196,6,0.5,100,5,0.1,75,0.1,0.1,0.5,352,0,0,0
197,7,0.5,100,5,0.1,75,0.1,0.1,0.5,88,0,0,0
198,8,0.5,100,5,0.1,75,0.1,0.1,0.5,147,0,0,0
199,9,0.5,100,5,0.1,75,0.1,0.1,0.5,51,0,0,0
200,10,0.5,100,5,0.1,75,0.1,0.1,0.5,81,0,0,0
201,1,1,100,5,0.1,75,0.1,0.1,0.5,357,0,0,0
202,2,1,100,5,0.1,75,0.1,0.1,0.5,171,0,0,0
203,3,1,100,5,0.1,75,0.1,0.1,0.5,183,0,0,0
204,4,1,100,5,0.1,75,0.1,0.1,0.5,122,0,0,0
205,5,1,100,5,0.1,75,0.1,0.1,0.5,37,0,0,0
206,6,1,100,5,0.1,75,0.1,0.1,0.5,352,0,0,0
207,7,1,100,5,0.1,75,0.1,0.1,0.5,88,0,0,0
208,8,1,100,5,0.1,75,0.1,0.1,0.5,147,0,0,0
209,9,1,100,5,0.1,75,0.1,0.1,0.5,51,0,0,0
210,10,1,100,5,0.1,75,0.1,0.1,0.5,81,0,0,0
211,1,0.2,100,5,0.25,75,0.1,0.1,0.5,353,0,0,0
212,2,0.2,100,5,0.25,75,0.1,0.1,0.5,999,102,0.935294118,130.75
213,3,0.2,100,5,0.25,75,0.1,0.1,0.5,215,0,0,0
214,4,0.2,100,5,0.25,75,0.1,0.1,0.5,101,0,0,0
215,5,0.2,100,5,0.25,75,0.1,0.1,0.5,35,0,0,0
216,6,0.2,100,5,0.25,75,0.1,0.1,0.5,666,0,0,0
217,7,0.2,100,5,0.25,75,0.1,0.1,0.5,142,0,0,0
218,8,0.2,100,5,0.25,75,0.1,0.1,0.5,316,0,0,0
219,9,0.2,100,5,0.25,75,0.1,0.1,0.5,300,0,0,0
220,10,0.2,100,5,0.25,75,0.1,0.1,0.5,411,0,0,0
221,1,0.5,100,5,0.25,75,0.1,0.1,0.5,353,0,0,0
222,2,0.5,100,5,0.25,75,0.1,0.1,0.5,999,102,0.935294118,130.75
223,3,0.5,100,5,0.25,75,0.1,0.1,0.5,215,0,0,0
224,4,0.5,100,5,0.25,75,0.1,0.1,0.5,101,0,0,0
225,5,0.5,100,5,0.25,75,0.1,0.1,0.5,35,0,0,0
226,6,0.5,100,5,0.25,75,0.1,0.1,0.5,666,0,0,0
227,7,0.5,100,5,0.25,75,0.1,0.1,0.5,142,0,0,0
228,8,0.5,100,5,0.25,75,0.1,0.1,0.5,316,0,0,0
229,9,0.5,100,5,0.25,75,0.1,0.1,0.5,300,0,0,0
230,10,0.5,100,5,0.25,75,0.1,0.1,0.5,411,0,0,0
231,1,1,100,5,0.25,75,0.1,0.1,0.5,353,0,0,0
232,2,1,100,5,0.25,75,0.1,0.1,0.5,999,102,0.935294118,130.75
233,3,1,100,5,0.25,75,0.1,0.1,0.5,215,0,0,0
234,4,1,100,5,0.25,75,0.1,0.1,0.5,101,0,0,0
235,5,1,100,5,0.25,75,0.1,0.1,0.5,35,0,0,0
236,6,1,100,5,0.25,75,0.1,0.1,0.5,666,0,0,0
237,7,1,100,5,0.25,75,0.1,0.1,0.5,142,0,0,0
238,8,1,100,5,0.25,75,0.1,0.1,0.5,316,0,0,0
239,9,1,100,5,0.25,75,0.1,0.1,0.5,300,0,0,0
240,10,1,100,5,0.25,75,0.1,0.1,0.5,411,0,0,0
241,1,0.2,100,5,0.5,75,0.1,0.1,0.5,164,2135,2.570819672,4374
242,2,0.2,100,5,0.5,75,0.1,0.1,0.5,249,2016,1.396875,4129
243,3,0.2,100,5,0.5,75,0.1,0.1,0.5,119,2100,1.260571429,3122.5
244,4,0.2,100,5,0.5,75,0.1,0.1,0.5,146,2120,1.991839623,6515
245,5,0.2,100,5,0.5,75,0.1,0.1,0.5,111,2210,2.064977376,4271.5
246,6,0.2,100,5,0.5,75,0.1,0.1,0.5,92,2164,1.807624769,5220
247,7,0.2,100,5,0.5,75,0.1,0.1,0.5,106,2137,4.360271409,5617.5
248,8,0.2,100,5,0.5,75,0.1,0.1,0.5,175,2062,1.353394762,3899.5
249,9,0.2,100,5,0.5,75,0.1,0.1,0.5,157,2137,1.616471689,3704
250,10,0.2,100,5,0.5,75,0.1,0.1,0.5,189,2085,1.41971223,4397.5
251,1,0.5,100,5,0.5,75,0.1,0.1,0.5,164,2135,2.570819672,4374
252,2,0.5,100,5,0.5,75,0.1,0.1,0.5,249,2016,1.396875,4129
253,3,0.5,100,5,0.5,75,0.1,0.1,0.5,119,2100,1.260571429,3122.5
254,4,0.5,100,5,0.5,75,0.1,0.1,0.5,146,2120,1.991839623,6515
255,5,0.5,100,5,0.5,75,0.1,0.1,0.5,111,2210,2.064977376,4271.5
256,6,0.5,100,5,0.5,75,0.1,0.1,0.5,92,2164,1.807624769,5220
257,7,0.5,100,5,0.5,75,0.1,0.1,0.5,106,2137,4.360271409,5617.5
258,8,0.5,100,5,0.5,75,0.1,0.1,0.5,175,2062,1.353394762,3899.5
259,9,0.5,100,5,0.5,75,0.1,0.1,0.5,157,2137,1.616471689,3704
260,10,0.5,100,5,0.5,75,0.1,0.1,0.5,189,2085,1.41971223,4397.5
261,1,1,100,5,0.5,75,0.1,0.1,0.5,164,2135,2.570819672,4374
262,2,1,100,5,0.5,75,0.1,0.1,0.5,249,2016,1.396875,4129
263,3,1,100,5,0.5,75,0.1,0.1,0.5,119,2100,1.260571429,3122.5
264,4,1,100,5,0.5,75,0.1,0.1,0.5,146,2120,1.991839623,6515
265,5,1,100,5,0.5,75,0.1,0.1,0.5,111,2210,2.064977376,4271.5
266,6,1,100,5,0.5,75,0.1,0.1,0.5,92,2164,1.807624769,5220
267,7,1,100,5,0.5,75,0.1,0.1,0.5,106,2137,4.360271409,5617.5
268,8,1,100,5,0.5,75,0.1,0.1,0.5,175,2062,1.353394762,3899.5
269,9,1,100,5,0.5,75,0.1,0.1,0.5,157,2137,1.616471689,3704
270,10,1,100,5,0.5,75,0.1,0.1,0.5,189,2085,1.41971223,4397.5
271,1,0.2,100,5,0.1,75,0.25,0.1,0.5,56,0,0,0
272,2,0.2,100,5,0.1,75,0.25,0.1,0.5,32,0,0,0
273,3,0.2,100,5,0.1,75,0.25,0.1,0.5,63,0,0,0
274,4,0.2,100,5,0.1,75,0.25,0.1,0.5,34,0,0,0
275,5,0.2,100,5,0.1,75,0.25,0.1,0.5,43,0,0,0
276,6,0.2,100,5,0.1,75,0.25,0.1,0.5,47,0,0,0
277,7,0.2,100,5,0.1,75,0.25,0.1,0.5,37,0,0,0
278,8,0.2,100,5,0.1,75,0.25,0.1,0.5,49,0,0,0
279,9,0.2,100,5,0.1,75,0.25,0.1,0.5,18,0,0,0
280,10,0.2,100,5,0.1,75,0.25,0.1,0.5,39,0,0,0
281,1,0.5,100,5,0.1,75,0.25,0.1,0.5,56,0,0,0
282,2,0.5,100,5,0.1,75,0.25,0.1,0.5,32,0,0,0
283,3,0.5,100,5,0.1,75,0.25,0.1,0.5,63,0,0,0
284,4,0.5,100,5,0.1,75,0.25,0.1,0.5,34,0,0,0
285,5,0.5,100,5,0.1,75,0.25,0.1,0.5,43,0,0,0
286,6,0.5,100,5,0.1,75,0.25,0.1,0.5,47,0,0,0
287,7,0.5,100,5,0.1,75,0.25,0.1,0.5,37,0,0,0
288,8,0.5,100,5,0.1,75,0.25,0.1,0.5,49,0,0,0
289,9,0.5,100,5,0.1,75,0.25,0.1,0.5,18,0,0,0
290,10,0.5,100,5,0.1,75,0.25,0.1,0.5,39,0,0,0
291,1,1,100,5,0.1,75,0.25,0.1,0.5,56,0,0,0
292,2,1,100,5,0.1,75,0.25,0.1,0.5,32,0,0,0
293,3,1,100,5,0.1,75,0.25,0.1,0.5,63,0,0,0
294,4,1,100,5,0.1,75,0.25,0.1,0.5,34,0,0,0
295,5,1,100,5,0.1,75,0.25,0.1,0.5,43,0,0,0
296,6,1,100,5,0.1,75,0.25,0.1,0.5,47,0,0,0
297,7,1,100,5,0.1,75,0.25,0.1,0.5,37,0,0,0
298,8,1,100,5,0.1,75,0.25,0.1,0.5,49,0,0,0
299,9,1,100,5,0.1,75,0.25,0.1,0.5,18,0,0,0
300,10,1,100,5,0.1,75,0.25,0.1,0.5,39,0,0,0
301,1,0.2,100,5,0.25,75,0.25,0.1,0.5,38,0,0,0
302,2,0.2,100,5,0.25,75,0.25,0.1,0.5,55,0,0,0
303,3,0.2,100,5,0.25,75,0.25,0.1,0.5,52,0,0,0
304,4,0.2,100,5,0.25,75,0.25,0.1,0.5,30,0,0,0
305,5,0.2,100,5,0.25,75,0.25,0.1,0.5,41,0,0,0
306,6,0.2,100,5,0.25,75,0.25,0.1,0.5,47,0,0,0
307,7,0.2,100,5,0.25,75,0.25,0.1,0.5,46,0,0,0
308,8,0.2,100,5,0.25,75,0.25,0.1,0.5,35,0,0,0
309,9,0.2,100,5,0.25,75,0.25,0.1,0.5,56,0,0,0
310,10,0.2,100,5,0.25,75,0.25,0.1,0.5,40,0,0,0
311,1,0.5,100,5,0.25,75,0.25,0.1,0.5,38,0,0,0
312,2,0.5,100,5,0.25,75,0.25,0.1,0.5,55,0,0,0
313,3,0.5,100,5,0.25,75,0.25,0.1,0.5,52,0,0,0
314,4,0.5,100,5,0.25,75,0.25,0.1,0.5,30,0,0,0
315,5,0.5,100,5,0.25,75,0.25,0.1,0.5,41,0,0,0
316,6,0.5,100,5,0.25,75,0.25,0.1,0.5,47,0,0,0
317,7,0.5,100,5,0.25,75,0.25,0.1,0.5,46,0,0,0
318,8,0.5,100,5,0.25,75,0.25,0.1,0.5,35,0,0,0
319,9,0.5,100,5,0.25,75,0.25,0.1,0.5,56,0,0,0
320,10,0.5,100,5,0.25,75,0.25,0.1,0.5,40,0,0,0
321,1,1,100,5,0.25,75,0.25,0.1,0.5,38,0,0,0
322,2,1,100,5,0.25,75,0.25,0.1,0.5,55,0,0,0
323,3,1,100,5,0.25,75,0.25,0.1,0.5,52,0,0,0
324,4,1,100,5,0.25,75,0.25,0.1,0.5,30,0,0,0
325,5,1,100,5,0.25,75,0.25,0.1,0.5,41,0,0,0
326,6,1,100,5,0.25,75,0.25,0.1,0.5,47,0,0,0
327,7,1,100,5,0.25,75,0.25,0.1,0.5,46,0,0,0
328,8,1,100,5,0.25,75,0.25,0.1,0.5,35,0,0,0
329,9,1,100,5,0.25,75,0.25,0.1,0.5,56,0,0,0
330,10,1,100,5,0.25,75,0.25,0.1,0.5,40,0,0,0
331,1,0.2,100,5,0.5,75,0.25,0.1,0.5,82,0,0,0
332,2,0.2,100,5,0.5,75,0.25,0.1,0.5,40,0,0,0
333,3,0.2,100,5,0.5,75,0.25,0.1,0.5,81,0,0,0
334,4,0.2,100,5,0.5,75,0.25,0.1,0.5,37,0,0,0
335,5,0.2,100,5,0.5,75,0.25,0.1,0.5,72,0,0,0
336,6,0.2,100,5,0.5,75,0.25,0.1,0.5,47,0,0,0
337,7,0.2,100,5,0.5,75,0.25,0.1,0.5,75,0,0,0
338,8,0.2,100,5,0.5,75,0.25,0.1,0.5,80,0,0,0
339,9,0.2,100,5,0.5,75,0.25,0.1,0.5,129,0,0,0
340,10,0.2,100,5,0.5,75,0.25,0.1,0.5,66,0,0,0
341,1,0.5,100,5,0.5,75,0.25,0.1,0.5,82,0,0,0
342,2,0.5,100,5,0.5,75,0.25,0.1,0.5,40,0,0,0
343,3,0.5,100,5,0.5,75,0.25,0.1,0.5,81,0,0,0
344,4,0.5,100,5,0.5,75,0.25,0.1,0.5,37,0,0,0
345,5,0.5,100,5,0.5,75,0.25,0.1,0.5,72,0,0,0
346,6,0.5,100,5,0.5,75,0.25,0.1,0.5,47,0,0,0
347,7,0.5,100,5,0.5,75,0.25,0.1,0.5,75,0,0,0
348,8,0.5,100,5,0.5,75,0.25,0.1,0.5,80,0,0,0
349,9,0.5,100,5,0.5,75,0.25,0.1,0.5,129,0,0,0
350,10,0.5,100,5,0.5,75,0.25,0.1,0.5,66,0,0,0
351,1,1,100,5,0.5,75,0.25,0.1,0.5,82,0,0,0
352,2,1,100,5,0.5,75,0.25,0.1,0.5,40,0,0,0
353,3,1,100,5,0.5,75,0.25,0.1,0.5,81,0,0,0
354,4,1,100,5,0.5,75,0.25,0.1,0.5,37,0,0,0
355,5,1,100,5,0.5,75,0.25,0.1,0.5,72,0,0,0
356,6,1,100,5,0.5,75,0.25,0.1,0.5,47,0,0,0
357,7,1,100,5,0.5,75,0.25,0.1,0.5,75,0,0,0
358,8,1,100,5,0.5,75,0.25,0.1,0.5,80,0,0,0
359,9,1,100,5,0.5,75,0.25,0.1,0.5,129,0,0,0
360,10,1,100,5,0.5,75,0.25,0.1,0.5,66,0,0,0
361,1,0.2,100,5,0.1,75,0.1,0.2,0.5,59,0,0,0
362,2,0.2,100,5,0.1,75,0.1,0.2,0.5,103,0,0,0
363,3,0.2,100,5,0.1,75,0.1,0.2,0.5,108,0,0,0
364,4,0.2,100,5,0.1,75,0.1,0.2,0.5,78,0,0,0
365,5,0.2,100,5,0.1,75,0.1,0.2,0.5,123,0,0,0
366,6,0.2,100,5,0.1,75,0.1,0.2,0.5,133,0,0,0
367,7,0.2,100,5,0.1,75,0.1,0.2,0.5,100,0,0,0
368,8,0.2,100,5,0.1,75,0.1,0.2,0.5,81,0,0,0
369,9,0.2,100,5,0.1,75,0.1,0.2,0.5,194,0,0,0
370,10,0.2,100,5,0.1,75,0.1,0.2,0.5,123,0,0,0
371,1,0.5,100,5,0.1,75,0.1,0.2,0.5,59,0,0,0
372,2,0.5,100,5,0.1,75,0.1,0.2,0.5,103,0,0,0
373,3,0.5,100,5,0.1,75,0.1,0.2,0.5,108,0,0,0
374,4,0.5,100,5,0.1,75,0.1,0.2,0.5,78,0,0,0
375,5,0.5,100,5,0.1,75,0.1,0.2,0.5,123,0,0,0
376,6,0.5,100,5,0.1,75,0.1,0.2,0.5,133,0,0,0
377,7,0.5,100,5,0.1,75,0.1,0.2,0.5,100,0,0,0
378,8,0.5,100,5,0.1,75,0.1,0.2,0.5,81,0,0,0
379,9,0.5,100,5,0.1,75,0.1,0.2,0.5,194,0,0,0
380,10,0.5,100,5,0.1,75,0.1,0.2,0.5,123,0,0,0
381,1,1,100,5,0.1,75,0.1,0.2,0.5,59,0,0,0
382,2,1,100,5,0.1,75,0.1,0.2,0.5,103,0,0,0
383,3,1,100,5,0.1,75,0.1,0.2,0.5,108,0,0,0
384,4,1,100,5,0.1,75,0.1,0.2,0.5,78,0,0,0
385,5,1,100,5,0.1,75,0.1,0.2,0.5,123,0,0,0
386,6,1,100,5,0.1,75,0.1,0.2,0.5,133,0,0,0
387,7,1,100,5,0.1,75,0.1,0.2,0.5,100,0,0,0
388,8,1,100,5,0.1,75,0.1,0.2,0.5,81,0,0,0
389,9,1,100,5,0.1,75,0.1,0.2,0.5,194,0,0,0
390,10,1,100,5,0.1,75,0.1,0.2,0.5,123,0,0,0
391,1,0.2,100,5,0.25,75,0.1,0.2,0.5,104,2118,1.753116147,2795
392,2,0.2,100,5,0.25,75,0.1,0.2,0.5,159,2054,1.879649464,2166.75
393,3,0.2,100,5,0.25,75,0.1,0.2,0.5,110,2114,4.041840114,2465.75
394,4,0.2,100,5,0.25,75,0.1,0.2,0.5,197,0,0,0
395,5,0.2,100,5,0.25,75,0.1,0.2,0.5,192,2085,1.931342926,2659.5
396,6,0.2,100,5,0.25,75,0.1,0.2,0.5,133,2116,2.021573724,3765.5
397,7,0.2,100,5,0.25,75,0.1,0.2,0.5,603,0,0,0
398,8,0.2,100,5,0.25,75,0.1,0.2,0.5,117,0,0,0
399,9,0.2,100,5,0.25,75,0.1,0.2,0.5,263,2054,1.772419669,2830.5
400,10,0.2,100,5,0.25,75,0.1,0.2,0.5,129,2233,3.110232871,2549.5
401,1,0.5,100,5,0.25,75,0.1,0.2,0.5,104,2118,1.753116147,2795
402,2,0.5,100,5,0.25,75,0.1,0.2,0.5,159,2054,1.879649464,2166.75
403,3,0.5,100,5,0.25,75,0.1,0.2,0.5,110,2114,4.041840114,2465.75
404,4,0.5,100,5,0.25,75,0.1,0.2,0.5,197,0,0,0
405,5,0.5,100,5,0.25,75,0.1,0.2,0.5,192,2085,1.931342926,2659.5
406,6,0.5,100,5,0.25,75,0.1,0.2,0.5,133,2116,2.021573724,3765.5
407,7,0.5,100,5,0.25,75,0.1,0.2,0.5,603,0,0,0
408,8,0.5,100,5,0.25,75,0.1,0.2,0.5,117,0,0,0
409,9,0.5,100,5,0.25,75,0.1,0.2,0.5,263,2054,1.772419669,2830.5
410,10,0.5,100,5,0.25,75,0.1,0.2,0.5,129,2233,3.110232871,2549.5
411,1,1,100,5,0.25,75,0.1,0.2,0.5,104,2118,1.753116147,2795
412,2,1,100,5,0.25,75,0.1,0.2,0.5,159,2054,1.879649464,2166.75
413,3,1,100,5,0.25,75,0.1,0.2,0.5,110,2114,4.041840114,2465.75
414,4,1,100,5,0.25,75,0.1,0.2,0.5,197,0,0,0
415,5,1,100,5,0.25,75,0.1,0.2,0.5,192,2085,1.931342926,2659.5
416,6,1,100,5,0.25,75,0.1,0.2,0.5,133,2116,2.021573724,3765.5
417,7,1,100,5,0.25,75,0.1,0.2,0.5,603,0,0,0
418,8,1,100,5,0.25,75,0.1,0.2,0.5,117,0,0,0
419,9,1,100,5,0.25,75,0.1,0.2,0.5,263,2054,1.772419669,2830.5
420,10,1,100,5,0.25,75,0.1,0.2,0.5,129,2233,3.110232871,2549.5
421,1,0.2,100,5,0.5,75,0.1,0.2,0.5,92,2036,3.83388998,5887.5
422,2,0.2,100,5,0.5,75,0.1,0.2,0.5,65,2022,4.655835806,6540.5
423,3,0.2,100,5,0.5,75,0.1,0.2,0.5,40,2122,5.108765316,4882.5
424,4,0.2,100,5,0.5,75,0.1,0.2,0.5,74,2007,5.584404584,4551
425,5,0.2,100,5,0.5,75,0.1,0.2,0.5,89,2149,4.767100977,7006.5
426,6,0.2,100,5,0.5,75,0.1,0.2,0.5,39,2122,1.767389255,5065
427,7,0.2,100,5,0.5,75,0.1,0.2,0.5,41,2074,3.51340405,4563.5
428,8,0.2,100,5,0.5,75,0.1,0.2,0.5,72,2230,3.766547085,3826
429,9,0.2,100,5,0.5,75,0.1,0.2,0.5,67,2181,3.771435122,5322
430,10,0.2,100,5,0.5,75,0.1,0.2,0.5,65,2108,2.587618596,5802
431,1,0.5,100,5,0.5,75,0.1,0.2,0.5,92,2036,3.83388998,5887.5
432,2,0.5,100,5,0.5,75,0.1,0.2,0.5,65,2022,4.655835806,6540.5
433,3,0.5,100,5,0.5,75,0.1,0.2,0.5,40,2122,5.108765316,4882.5
434,4,0.5,100,5,0.5,75,0.1,0.2,0.5,74,2007,5.584404584,4551
435,5,0.5,100,5,0.5,75,0.1,0.2,0.5,89,2149,4.767100977,7006.5
436,6,0.5,100,5,0.5,75,0.1,0.2,0.5,39,2122,1.767389255,5065
437,7,0.5,100,5,0.5,75,0.1,0.2,0.5,41,2074,3.51340405,4563.5
438,8,0.5,100,5,0.5,75,0.1,0.2,0.5,72,2230,3.766547085,3826
439,9,0.5,100,5,0.5,75,0.1,0.2,0.5,67,2181,3.771435122,5322
440,10,0.5,100,5,0.5,75,0.1,0.2,0.5,65,2108,2.587618596,5802
441,1,1,100,5,0.5,75,0.1,0.2,0.5,92,2036,3.83388998,5887.5
442,2,1,100,5,0.5,75,0.1,0.2,0.5,65,2022,4.655835806,6540.5
443,3,1,100,5,0.5,75,0.1,0.2,0.5,40,2122,5.108765316,4882.5
444,4,1,100,5,0.5,75,0.1,0.2,0.5,74,2007,5.584404584,4551
445,5,1,100,5,0.5,75,0.1,0.2,0.5,89,2149,4.767100977,7006.5
446,6,1,100,5,0.5,75,0.1,0.2,0.5,39,2122,1.767389255,5065
447,7,1,100,5,0.5,75,0.1,0.2,0.5,41,2074,3.51340405,4563.5
448,8,1,100,5,0.5,75,0.1,0.2,0.5,72,2230,3.766547085,3826
449,9,1,100,5,0.5,75,0.1,0.2,0.5,67,2181,3.771435122,5322
450,10,1,100,5,0.5,75,0.1,0.2,0.5,65,2108,2.587618596,5802
451,1,0.2,100,5,0.1,75,0.25,0.2,0.5,29,0,0,0
452,2,0.2,100,5,0.1,75,0.25,0.2,0.5,77,0,0,0
453,3,0.2,100,5,0.1,75,0.25,0.2,0.5,84,0,0,0
454,4,0.2,100,5,0.1,75,0.25,0.2,0.5,75,0,0,0
455,5,0.2,100,5,0.1,75,0.25,0.2,0.5,83,0,0,0
456,6,0.2,100,5,0.1,75,0.25,0.2,0.5,55,0,0,0
457,7,0.2,100,5,0.1,75,0.25,0.2,0.5,82,0,0,0
458,8,0.2,100,5,0.1,75,0.25,0.2,0.5,39,0,0,0
459,9,0.2,100,5,0.1,75,0.25,0.2,0.5,83,0,0,0
460,10,0.2,100,5,0.1,75,0.25,0.2,0.5,80,0,0,0
461,1,0.5,100,5,0.1,75,0.25,0.2,0.5,29,0,0,0
462,2,0.5,100,5,0.1,75,0.25,0.2,0.5,77,0,0,0
463,3,0.5,100,5,0.1,75,0.25,0.2,0.5,84,0,0,0
464,4,0.5,100,5,0.1,75,0.25,0.2,0.5,75,0,0,0
465,5,0.5,100,5,0.1,75,0.25,0.2,0.5,83,0,0,0
466,6,0.5,100,5,0.1,75,0.25,0.2,0.5,55,0,0,0
467,7,0.5,100,5,0.1,75,0.25,0.2,0.5,82,0,0,0
468,8,0.5,100,5,0.1,75,0.25,0.2,0.5,39,0,0,0
469,9,0.5,100,5,0.1,75,0.25,0.2,0.5,83,0,0,0
470,10,0.5,100,5,0.1,75,0.25,0.2,0.5,80,0,0,0
471,1,1,100,5,0.1,75,0.25,0.2,0.5,29,0,0,0
472,2,1,100,5,0.1,75,0.25,0.2,0.5,77,0,0,0
473,3,1,100,5,0.1,75,0.25,0.2,0.5,84,0,0,0
474,4,1,100,5,0.1,75,0.25,0.2,0.5,75,0,0,0
475,5,1,100,5,0.1,75,0.25,0.2,0.5,83,0,0,0
476,6,1,100,5,0.1,75,0.25,0.2,0.5,55,0,0,0
477,7,1,100,5,0.1,75,0.25,0.2,0.5,82,0,0,0
478,8,1,100,5,0.1,75,0.25,0.2,0.5,39,0,0,0
479,9,1,100,5,0.1,75,0.25,0.2,0.5,83,0,0,0
480,10,1,100,5,0.1,75,0.25,0.2,0.5,80,0,0,0
481,1,0.2,100,5,0.25,75,0.25,0.2,0.5,46,0,0,0
482,2,0.2,100,5,0.25,75,0.25,0.2,0.5,92,0,0,0
483,3,0.2,100,5,0.25,75,0.25,0.2,0.5,79,0,0,0
484,4,0.2,100,5,0.25,75,0.25,0.2,0.5,78,0,0,0
485,5,0.2,100,5,0.25,75,0.25,0.2,0.5,94,0,0,0
486,6,0.2,100,5,0.25,75,0.25,0.2,0.5,178,0,0,0
487,7,0.2,100,5,0.25,75,0.25,0.2,0.5,52,0,0,0
488,8,0.2,100,5,0.25,75,0.25,0.2,0.5,112,0,0,0
489,9,0.2,100,5,0.25,75,0.25,0.2,0.5,88,0,0,0
490,10,0.2,100,5,0.25,75,0.25,0.2,0.5,109,0,0,0
491,1,0.5,100,5,0.25,75,0.25,0.2,0.5,46,0,0,0
492,2,0.5,100,5,0.25,75,0.25,0.2,0.5,92,0,0,0
493,3,0.5,100,5,0.25,75,0.25,0.2,0.5,79,0,0,0
494,4,0.5,100,5,0.25,75,0.25,0.2,0.5,78,0,0,0
495,5,0.5,100,5,0.25,75,0.25,0.2,0.5,94,0,0,0
496,6,0.5,100,5,0.25,75,0.25,0.2,0.5,178,0,0,0
497,7,0.5,100,5,0.25,75,0.25,0.2,0.5,52,0,0,0
498,8,0.5,100,5,0.25,75,0.25,0.2,0.5,112,0,0,0
499,9,0.5,100,5,0.25,75,0.25,0.2,0.5,88,0,0,0
500,10,0.5,100,5,0.25,75,0.25,0.2,0.5,109,0,0,0
501,1,1,100,5,0.25,75,0.25,0.2,0.5,46,0,0,0
502,2,1,100,5,0.25,75,0.25,0.2,0.5,92,0,0,0
503,3,1,100,5,0.25,75,0.25,0.2,0.5,79,0,0,0
504,4,1,100,5,0.25,75,0.25,0.2,0.5,78,0,0,0
505,5,1,100,5,0.25,75,0.25,0.2,0.5,94,0,0,0
506,6,1,100,5,0.25,75,0.25,0.2,0.5,178,0,0,0
507,7,1,100,5,0.25,75,0.25,0.2,0.5,52,0,0,0
508,8,1,100,5,0.25,75,0.25,0.2,0.5,112,0,0,0
509,9,1,100,5,0.25,75,0.25,0.2,0.5,88,0,0,0
510,10,1,100,5,0.25,75,0.25,0.2,0.5,109,0,0,0
511,1,0.2,100,5,0.5,75,0.25,0.2,0.5,107,2111,4.203339649,4672
512,2,0.2,100,5,0.5,75,0.25,0.2,0.5,182,0,0,0
513,3,0.2,100,5,0.5,75,0.25,0.2,0.5,124,2022,7.775346192,7089.5
514,4,0.2,100,5,0.5,75,0.25,0.2,0.5,140,2002,3.046578422,5032.5
515,5,0.2,100,5,0.5,75,0.25,0.2,0.5,135,2053,2.812956649,4752
516,6,0.2,100,5,0.5,75,0.25,0.2,0.5,70,0,0,0
517,7,0.2,100,5,0.5,75,0.25,0.2,0.5,99,0,0,0
518,8,0.2,100,5,0.5,75,0.25,0.2,0.5,102,2076,5.112114644,6475.5
519,9,0.2,100,5,0.5,75,0.25,0.2,0.5,348,2077,4.018415985,5630
520,10,0.2,100,5,0.5,75,0.25,0.2,0.5,115,2094,3.989255014,5572.5
521,1,0.5,100,5,0.5,75,0.25,0.2,0.5,107,2111,4.203339649,4672
522,2,0.5,100,5,0.5,75,0.25,0.2,0.5,182,0,0,0
523,3,0.5,100,5,0.5,75,0.25,0.2,0.5,124,2022,7.775346192,7089.5
524,4,0.5,100,5,0.5,75,0.25,0.2,0.5,140,2002,3.046578422,5032.5
525,5,0.5,100,5,0.5,75,0.25,0.2,0.5,135,2053,2.812956649,4752
526,6,0.5,100,5,0.5,75,0.25,0.2,0.5,70,0,0,0
527,7,0.5,100,5,0.5,75,0.25,0.2,0.5,99,0,0,0
528,8,0.5,100,5,0.5,75,0.25,0.2,0.5,102,2076,5.112114644,6475.5
529,9,0.5,100,5,0.5,75,0.25,0.2,0.5,348,2077,4.018415985,5630
530,10,0.5,100,5,0.5,75,0.25,0.2,0.5,115,2094,3.989255014,5572.5
531,1,1,100,5,0.5,75,0.25,0.2,0.5,107,2111,4.203339649,4672
532,2,1,100,5,0.5,75,0.25,0.2,0.5,182,0,0,0
533,3,1,100,5,0.5,75,0.25,0.2,0.5,124,2022,7.775346192,7089.5
534,4,1,100,5,0.5,75,0.25,0.2,0.5,140,2002,3.046578422,5032.5
535,5,1,100,5,0.5,75,0.25,0.2,0.5,135,2053,2.812956649,4752
536,6,1,100,5,0.5,75,0.25,0.2,0.5,70,0,0,0
537,7,1,100,5,0.5,75,0.25,0.2,0.5,99,0,0,0
538,8,1,100,5,0.5,75,0.25,0.2,0.5,102,2076,5.112114644,6475.5
539,9,1,100,5,0.5,75,0.25,0.2,0.5,348,2077,4.018415985,5630
540,10,1,100,5,0.5,75,0.25,0.2,0.5,115,2094,3.989255014,5572.5
541,1,0.2,100,5,0.1,75,0.1,0,1,999,21,1.942857143,0
542,2,0.2,100,5,0.1,75,0.1,0,1,999,73,1.575342466,6.1
543,3,0.2,100,5,0.1,75,0.1,0,1,999,4,1.175,0
544,4,0.2,100,5,0.1,75,0.1,0,1,596,0,0,0
545,5,0.2,100,5,0.1,75,0.1,0,1,124,0,0,0
546,6,0.2,100,5,0.1,75,0.1,0,1,209,0,0,0
547,7,0.2,100,5,0.1,75,0.1,0,1,304,0,0,0
548,8,0.2,100,5,0.1,75,0.1,0,1,786,0,0,0
549,9,0.2,100,5,0.1,75,0.1,0,1,508,0,0,0
550,10,0.2,100,5,0.1,75,0.1,0,1,256,0,0,0
551,1,0.5,100,5,0.1,75,0.1,0,1,999,21,1.942857143,0
552,2,0.5,100,5,0.1,75,0.1,0,1,999,73,1.575342466,6.1
553,3,0.5,100,5,0.1,75,0.1,0,1,999,4,1.175,0
554,4,0.5,100,5,0.1,75,0.1,0,1,596,0,0,0
555,5,0.5,100,5,0.1,75,0.1,0,1,124,0,0,0
556,6,0.5,100,5,0.1,75,0.1,0,1,209,0,0,0
557,7,0.5,100,5,0.1,75,0.1,0,1,304,0,0,0
558,8,0.5,100,5,0.1,75,0.1,0,1,786,0,0,0
559,9,0.5,100,5,0.1,75,0.1,0,1,508,0,0,0
560,10,0.5,100,5,0.1,75,0.1,0,1,256,0,0,0
561,1,1,100,5,0.1,75,0.1,0,1,999,21,1.942857143,0
562,2,1,100,5,0.1,75,0.1,0,1,999,73,1.575342466,6.1
563,3,1,100,5,0.1,75,0.1,0,1,999,4,1.175,0
564,4,1,100,5,0.1,75,0.1,0,1,596,0,0,0
565,5,1,100,5,0.1,75,0.1,0,1,124,0,0,0
566,6,1,100,5,0.1,75,0.1,0,1,209,0,0,0
567,7,1,100,5,0.1,75,0.1,0,1,304,0,0,0
568,8,1,100,5,0.1,75,0.1,0,1,786,0,0,0
569,9,1,100,5,0.1,75,0.1,0,1,508,0,0,0
570,10,1,100,5,0.1,75,0.1,0,1,256,0,0,0
571,1,0.2,100,5,0.25,75,0.1,0,1,999,21,1.942857143,0
572,2,0.2,100,5,0.25,75,0.1,0,1,999,73,1.575342466,15.25
573,3,0.2,100,5,0.25,75,0.1,0,1,999,41,1.285365854,0
574,4,0.2,100,5,0.25,75,0.1,0,1,596,0,0,0
575,5,0.2,100,5,0.25,75,0.1,0,1,124,0,0,0
576,6,0.2,100,5,0.25,75,0.1,0,1,209,0,0,0
577,7,0.2,100,5,0.25,75,0.1,0,1,304,0,0,0
578,8,0.2,100,5,0.25,75,0.1,0,1,786,0,0,0
579,9,0.2,100,5,0.25,75,0.1,0,1,508,0,0,0
580,10,0.2,100,5,0.25,75,0.1,0,1,256,0,0,0
581,1,0.5,100,5,0.25,75,0.1,0,1,999,21,1.942857143,0
582,2,0.5,100,5,0.25,75,0.1,0,1,999,73,1.575342466,15.25
583,3,0.5,100,5,0.25,75,0.1,0,1,999,41,1.285365854,0
584,4,0.5,100,5,0.25,75,0.1,0,1,596,0,0,0
585,5,0.5,100,5,0.25,75,0.1,0,1,124,0,0,0
586,6,0.5,100,5,0.25,75,0.1,0,1,209,0,0,0
587,7,0.5,100,5,0.25,75,0.1,0,1,304,0,0,0
588,8,0.5,100,5,0.25,75,0.1,0,1,786,0,0,0
589,9,0.5,100,5,0.25,75,0.1,0,1,508,0,0,0
590,10,0.5,100,5,0.25,75,0.1,0,1,256,0,0,0
591,1,1,100,5,0.25,75,0.1,0,1,999,21,1.942857143,0
592,2,1,100,5,0.25,75,0.1,0,1,999,73,1.575342466,15.25
593,3,1,100,5,0.25,75,0.1,0,1,999,41,1.285365854,0
594,4,1,100,5,0.25,75,0.1,0,1,596,0,0,0
595,5,1,100,5,0.25,75,0.1,0,1,124,0,0,0
596,6,1,100,5,0.25,75,0.1,0,1,209,0,0,0
597,7,1,100,5,0.25,75,0.1,0,1,304,0,0,0
598,8,1,100,5,0.25,75,0.1,0,1,786,0,0,0
599,9,1,100,5,0.25,75,0.1,0,1,508,0,0,0
600,10,1,100,5,0.25,75,0.1,0,1,256,0,0,0
601,1,0.2,100,5,0.5,75,0.1,0,1,999,21,1.942857143,0
602,2,0.2,100,5,0.5,75,0.1,0,1,999,50,1.606,12.5
603,3,0.2,100,5,0.5,75,0.1,0,1,319,0,0,0
604,4,0.2,100,5,0.5,75,0.1,0,1,596,0,0,0
605,5,0.2,100,5,0.5,75,0.1,0,1,999,9,1.266666667,0
606,6,0.2,100,5,0.5,75,0.1,0,1,209,0,0,0
607,7,0.2,100,5,0.5,75,0.1,0,1,304,0,0,0
608,8,0.2,100,5,0.5,75,0.1,0,1,786,0,0,0
609,9,0.2,100,5,0.5,75,0.1,0,1,508,0,0,0
610,10,0.2,100,5,0.5,75,0.1,0,1,296,0,0,0
611,1,0.5,100,5,0.5,75,0.1,0,1,999,21,1.942857143,0
612,2,0.5,100,5,0.5,75,0.1,0,1,999,50,1.606,12.5
613,3,0.5,100,5,0.5,75,0.1,0,1,319,0,0,0
614,4,0.5,100,5,0.5,75,0.1,0,1,596,0,0,0
615,5,0.5,100,5,0.5,75,0.1,0,1,999,9,1.266666667,0
616,6,0.5,100,5,0.5,75,0.1,0,1,209,0,0,0
617,7,0.5,100,5,0.5,75,0.1,0,1,304,0,0,0
618,8,0.5,100,5,0.5,75,0.1,0,1,786,0,0,0
619,9,0.5,100,5,0.5,75,0.1,0,1,508,0,0,0
620,10,0.5,100,5,0.5,75,0.1,0,1,296,0,0,0
621,1,1,100,5,0.5,75,0.1,0,1,999,21,1.942857143,0
622,2,1,100,5,0.5,75,0.1,0,1,999,50,1.606,12.5
623,3,1,100,5,0.5,75,0.1,0,1,319,0,0,0
624,4,1,100,5,0.5,75,0.1,0,1,596,0,0,0
625,5,1,100,5,0.5,75,0.1,0,1,999,9,1.266666667,0
626,6,1,100,5,0.5,75,0.1,0,1,209,0,0,0
627,7,1,100,5,0.5,75,0.1,0,1,304,0,0,0
628,8,1,100,5,0.5,75,0.1,0,1,786,0,0,0
629,9,1,100,5,0.5,75,0.1,0,1,508,0,0,0
630,10,1,100,5,0.5,75,0.1,0,1,296,0,0,0
631,1,0.2,100,5,0.1,75,0.25,0,1,56,0,0,0
632,2,0.2,100,5,0.1,75,0.25,0,1,102,0,0,0
633,3,0.2,100,5,0.1,75,0.25,0,1,17,0,0,0
634,4,0.2,100,5,0.1,75,0.25,0,1,32,0,0,0
635,5,0.2,100,5,0.1,75,0.25,0,1,26,0,0,0
636,6,0.2,100,5,0.1,75,0.25,0,1,29,0,0,0
637,7,0.2,100,5,0.1,75,0.25,0,1,24,0,0,0
638,8,0.2,100,5,0.1,75,0.25,0,1,25,0,0,0
639,9,0.2,100,5,0.1,75,0.25,0,1,31,0,0,0
640,10,0.2,100,5,0.1,75,0.25,0,1,25,0,0,0
641,1,0.5,100,5,0.1,75,0.25,0,1,56,0,0,0
642,2,0.5,100,5,0.1,75,0.25,0,1,102,0,0,0
643,3,0.5,100,5,0.1,75,0.25,0,1,17,0,0,0
644,4,0.5,100,5,0.1,75,0.25,0,1,32,0,0,0
645,5,0.5,100,5,0.1,75,0.25,0,1,26,0,0,0
646,6,0.5,100,5,0.1,75,0.25,0,1,29,0,0,0
647,7,0.5,100,5,0.1,75,0.25,0,1,24,0,0,0
648,8,0.5,100,5,0.1,75,0.25,0,1,25,0,0,0
649,9,0.5,100,5,0.1,75,0.25,0,1,31,0,0,0
650,10,0.5,100,5,0.1,75,0.25,0,1,25,0,0,0
651,1,1,100,5,0.1,75,0.25,0,1,56,0,0,0
652,2,1,100,5,0.1,75,0.25,0,1,102,0,0,0
653,3,1,100,5,0.1,75,0.25,0,1,17,0,0,0
654,4,1,100,5,0.1,75,0.25,0,1,32,0,0,0
655,5,1,100,5,0.1,75,0.25,0,1,26,0,0,0
656,6,1,100,5,0.1,75,0.25,0,1,29,0,0,0
657,7,1,100,5,0.1,75,0.25,0,1,24,0,0,0
658,8,1,100,5,0.1,75,0.25,0,1,25,0,0,0
659,9,1,100,5,0.1,75,0.25,0,1,31,0,0,0
660,10,1,100,5,0.1,75,0.25,0,1,25,0,0,0
661,1,0.2,100,5,0.25,75,0.25,0,1,56,0,0,0
662,2,0.2,100,5,0.25,75,0.25,0,1,102,0,0,0
663,3,0.2,100,5,0.25,75,0.25,0,1,17,0,0,0
664,4,0.2,100,5,0.25,75,0.25,0,1,32,0,0,0
665,5,0.2,100,5,0.25,75,0.25,0,1,26,0,0,0
666,6,0.2,100,5,0.25,75,0.25,0,1,29,0,0,0
667,7,0.2,100,5,0.25,75,0.25,0,1,24,0,0,0
668,8,0.2,100,5,0.25,75,0.25,0,1,25,0,0,0
669,9,0.2,100,5,0.25,75,0.25,0,1,31,0,0,0
670,10,0.2,100,5,0.25,75,0.25,0,1,25,0,0,0
671,1,0.5,100,5,0.25,75,0.25,0,1,56,0,0,0
672,2,0.5,100,5,0.25,75,0.25,0,1,102,0,0,0
673,3,0.5,100,5,0.25,75,0.25,0,1,17,0,0,0
674,4,0.5,100,5,0.25,75,0.25,0,1,32,0,0,0
675,5,0.5,100,5,0.25,75,0.25,0,1,26,0,0,0
676,6,0.5,100,5,0.25,75,0.25,0,1,29,0,0,0
677,7,0.5,100,5,0.25,75,0.25,0,1,24,0,0,0
678,8,0.5,100,5,0.25,75,0.25,0,1,25,0,0,0
679,9,0.5,100,5,0.25,75,0.25,0,1,31,0,0,0
680,10,0.5,100,5,0.25,75,0.25,0,1,25,0,0,0
681,1,1,100,5,0.25,75,0.25,0,1,56,0,0,0
682,2,1,100,5,0.25,75,0.25,0,1,102,0,0,0
683,3,1,100,5,0.25,75,0.25,0,1,17,0,0,0
684,4,1,100,5,0.25,75,0.25,0,1,32,0,0,0
685,5,1,100,5,0.25,75,0.25,0,1,26,0,0,0
686,6,1,100,5,0.25,75,0.25,0,1,29,0,0,0
687,7,1,100,5,0.25,75,0.25,0,1,24,0,0,0
688,8,1,100,5,0.25,75,0.25,0,1,25,0,0,0
689,9,1,100,5,0.25,75,0.25,0,1,31,0,0,0
690,10,1,100,5,0.25,75,0.25,0,1,25,0,0,0
691,1,0.2,100,5,0.5,75,0.25,0,1,56,0,0,0
692,2,0.2,100,5,0.5,75,0.25,0,1,102,0,0,0
693,3,0.2,100,5,0.5,75,0.25,0,1,17,0,0,0
694,4,0.2,100,5,0.5,75,0.25,0,1,32,0,0,0
695,5,0.2,100,5,0.5,75,0.25,0,1,26,0,0,0
696,6,0.2,100,5,0.5,75,0.25,0,1,29,0,0,0
697,7,0.2,100,5,0.5,75,0.25,0,1,24,0,0,0
698,8,0.2,100,5,0.5,75,0.25,0,1,25,0,0,0
699,9,0.2,100,5,0.5,75,0.25,0,1,31,0,0,0
700,10,0.2,100,5,0.5,75,0.25,0,1,25,0,0,0
701,1,0.5,100,5,0.5,75,0.25,0,1,56,0,0,0
702,2,0.5,100,5,0.5,75,0.25,0,1,102,0,0,0
703,3,0.5,100,5,0.5,75,0.25,0,1,17,0,0,0
704,4,0.5,100,5,0.5,75,0.25,0,1,32,0,0,0
705,5,0.5,100,5,0.5,75,0.25,0,1,26,0,0,0
706,6,0.5,100,5,0.5,75,0.25,0,1,29,0,0,0
707,7,0.5,100,5,0.5,75,0.25,0,1,24,0,0,0
708,8,0.5,100,5,0.5,75,0.25,0,1,25,0,0,0
709,9,0.5,100,5,0.5,75,0.25,0,1,31,0,0,0
710,10,0.5,100,5,0.5,75,0.25,0,1,25,0,0,0
711,1,1,100,5,0.5,75,0.25,0,1,56,0,0,0
712,2,1,100,5,0.5,75,0.25,0,1,102,0,0,0
713,3,1,100,5,0.5,75,0.25,0,1,17,0,0,0
714,4,1,100,5,0.5,75,0.25,0,1,32,0,0,0
715,5,1,100,5,0.5,75,0.25,0,1,26,0,0,0
716,6,1,100,5,0.5,75,0.25,0,1,29,0,0,0
717,7,1,100,5,0.5,75,0.25,0,1,24,0,0,0
718,8,1,100,5,0.5,75,0.25,0,1,25,0,0,0
719,9,1,100,5,0.5,75,0.25,0,1,31,0,0,0
720,10,1,100,5,0.5,75,0.25,0,1,25,0,0,0
721,1,0.2,100,5,0.1,75,0.1,0.1,1,188,0,0,0
722,2,0.2,100,5,0.1,75,0.1,0.1,1,202,0,0,0
723,3,0.2,100,5,0.1,75,0.1,0.1,1,113,0,0,0
724,4,0.2,100,5,0.1,75,0.1,0.1,1,103,0,0,0
725,5,0.2,100,5,0.1,75,0.1,0.1,1,131,0,0,0
726,6,0.2,100,5,0.1,75,0.1,0.1,1,69,0,0,0
727,7,0.2,100,5,0.1,75,0.1,0.1,1,60,0,0,0
728,8,0.2,100,5,0.1,75,0.1,0.1,1,265,0,0,0
729,9,0.2,100,5,0.1,75,0.1,0.1,1,47,0,0,0
730,10,0.2,100,5,0.1,75,0.1,0.1,1,93,0,0,0
731,1,0.5,100,5,0.1,75,0.1,0.1,1,188,0,0,0
732,2,0.5,100,5,0.1,75,0.1,0.1,1,202,0,0,0
733,3,0.5,100,5,0.1,75,0.1,0.1,1,113,0,0,0
734,4,0.5,100,5,0.1,75,0.1,0.1,1,103,0,0,0
735,5,0.5,100,5,0.1,75,0.1,0.1,1,131,0,0,0
736,6,0.5,100,5,0.1,75,0.1,0.1,1,69,0,0,0
737,7,0.5,100,5,0.1,75,0.1,0.1,1,60,0,0,0
738,8,0.5,100,5,0.1,75,0.1,0.1,1,265,0,0,0
739,9,0.5,100,5,0.1,75,0.1,0.1,1,47,0,0,0
740,10,0.5,100,5,0.1,75,0.1,0.1,1,93,0,0,0
741,1,1,100,5,0.1,75,0.1,0.1,1,188,0,0,0
742,2,1,100,5,0.1,75,0.1,0.1,1,202,0,0,0
743,3,1,100,5,0.1,75,0.1,0.1,1,113,0,0,0
744,4,1,100,5,0.1,75,0.1,0.1,1,103,0,0,0
745,5,1,100,5,0.1,75,0.1,0.1,1,131,0,0,0
746,6,1,100,5,0.1,75,0.1,0.1,1,69,0,0,0
747,7,1,100,5,0.1,75,0.1,0.1,1,60,0,0,0
748,8,1,100,5,0.1,75,0.1,0.1,1,265,0,0,0
749,9,1,100,5,0.1,75,0.1,0.1,1,47,0,0,0
750,10,1,100,5,0.1,75,0.1,0.1,1,93,0,0,0
751,1,0.2,100,5,0.25,75,0.1,0.1,1,194,0,0,0
752,2,0.2,100,5,0.25,75,0.1,0.1,1,344,0,0,0
753,3,0.2,100,5,0.25,75,0.1,0.1,1,51,0,0,0
754,4,0.2,100,5,0.25,75,0.1,0.1,1,34,0,0,0
755,5,0.2,100,5,0.25,75,0.1,0.1,1,77,0,0,0
756,6,0.2,100,5,0.25,75,0.1,0.1,1,149,0,0,0
757,7,0.2,100,5,0.25,75,0.1,0.1,1,84,0,0,0
758,8,0.2,100,5,0.25,75,0.1,0.1,1,121,0,0,0
759,9,0.2,100,5,0.25,75,0.1,0.1,1,46,0,0,0
760,10,0.2,100,5,0.25,75,0.1,0.1,1,169,0,0,0
761,1,0.5,100,5,0.25,75,0.1,0.1,1,194,0,0,0
762,2,0.5,100,5,0.25,75,0.1,0.1,1,344,0,0,0
763,3,0.5,100,5,0.25,75,0.1,0.1,1,51,0,0,0
764,4,0.5,100,5,0.25,75,0.1,0.1,1,34,0,0,0
765,5,0.5,100,5,0.25,75,0.1,0.1,1,77,0,0,0
766,6,0.5,100,5,0.25,75,0.1,0.1,1,149,0,0,0
767,7,0.5,100,5,0.25,75,0.1,0.1,1,84,0,0,0
768,8,0.5,100,5,0.25,75,0.1,0.1,1,121,0,0,0
769,9,0.5,100,5,0.25,75,0.1,0.1,1,46,0,0,0
770,10,0.5,100,5,0.25,75,0.1,0.1,1,169,0,0,0
771,1,1,100,5,0.25,75,0.1,0.1,1,194,0,0,0
772,2,1,100,5,0.25,75,0.1,0.1,1,344,0,0,0
773,3,1,100,5,0.25,75,0.1,0.1,1,51,0,0,0
774,4,1,100,5,0.25,75,0.1,0.1,1,34,0,0,0
775,5,1,100,5,0.25,75,0.1,0.1,1,77,0,0,0
776,6,1,100,5,0.25,75,0.1,0.1,1,149,0,0,0
777,7,1,100,5,0.25,75,0.1,0.1,1,84,0,0,0
778,8,1,100,5,0.25,75,0.1,0.1,1,121,0,0,0
779,9,1,100,5,0.25,75,0.1,0.1,1,46,0,0,0
780,10,1,100,5,0.25,75,0.1,0.1,1,169,0,0,0
781,1,0.2,100,5,0.5,75,0.1,0.1,1,597,0,0,0
782,2,0.2,100,5,0.5,75,0.1,0.1,1,464,2189,3.031886706,5970
783,3,0.2,100,5,0.5,75,0.1,0.1,1,392,0,0,0
784,4,0.2,100,5,0.5,75,0.1,0.1,1,256,0,0,0
785,5,0.2,100,5,0.5,75,0.1,0.1,1,222,0,0,0
786,6,0.2,100,5,0.5,75,0.1,0.1,1,120,0,0,0
787,7,0.2,100,5,0.5,75,0.1,0.1,1,309,0,0,0
788,8,0.2,100,5,0.5,75,0.1,0.1,1,613,2054,3.149659202,6891
789,9,0.2,100,5,0.5,75,0.1,0.1,1,326,0,0,0
790,10,0.2,100,5,0.5,75,0.1,0.1,1,61,0,0,0
791,1,0.5,100,5,0.5,75,0.1,0.1,1,597,0,0,0
792,2,0.5,100,5,0.5,75,0.1,0.1,1,464,2189,3.031886706,5970
793,3,0.5,100,5,0.5,75,0.1,0.1,1,392,0,0,0
794,4,0.5,100,5,0.5,75,0.1,0.1,1,256,0,0,0
795,5,0.5,100,5,0.5,75,0.1,0.1,1,222,0,0,0
796,6,0.5,100,5,0.5,75,0.1,0.1,1,120,0,0,0
797,7,0.5,100,5,0.5,75,0.1,0.1,1,309,0,0,0
798,8,0.5,100,5,0.5,75,0.1,0.1,1,613,2054,3.149659202,6891
799,9,0.5,100,5,0.5,75,0.1,0.1,1,326,0,0,0
800,10,0.5,100,5,0.5,75,0.1,0.1,1,61,0,0,0
801,1,1,100,5,0.5,75,0.1,0.1,1,597,0,0,0
802,2,1,100,5,0.5,75,0.1,0.1,1,464,2189,3.031886706,5970
803,3,1,100,5,0.5,75,0.1,0.1,1,392,0,0,0
804,4,1,100,5,0.5,75,0.1,0.1,1,256,0,0,0
805,5,1,100,5,0.5,75,0.1,0.1,1,222,0,0,0
806,6,1,100,5,0.5,75,0.1,0.1,1,120,0,0,0
807,7,1,100,5,0.5,75,0.1,0.1,1,309,0,0,0
808,8,1,100,5,0.5,75,0.1,0.1,1,613,2054,3.149659202,6891
809,9,1,100,5,0.5,75,0.1,0.1,1,326,0,0,0
810,10,1,100,5,0.5,75,0.1,0.1,1,61,0,0,0
811,1,0.2,100,5,0.1,75,0.25,0.1,1,33,0,0,0
812,2,0.2,100,5,0.1,75,0.25,0.1,1,35,0,0,0
813,3,0.2,100,5,0.1,75,0.25,0.1,1,29,0,0,0
814,4,0.2,100,5,0.1,75,0.25,0.1,1,40,0,0,0
815,5,0.2,100,5,0.1,75,0.25,0.1,1,30,0,0,0
816,6,0.2,100,5,0.1,75,0.25,0.1,1,41,0,0,0
817,7,0.2,100,5,0.1,75,0.25,0.1,1,35,0,0,0
818,8,0.2,100,5,0.1,75,0.25,0.1,1,15,0,0,0
819,9,0.2,100,5,0.1,75,0.25,0.1,1,12,0,0,0
820,10,0.2,100,5,0.1,75,0.25,0.1,1,25,0,0,0
821,1,0.5,100,5,0.1,75,0.25,0.1,1,33,0,0,0
822,2,0.5,100,5,0.1,75,0.25,0.1,1,35,0,0,0
823,3,0.5,100,5,0.1,75,0.25,0.1,1,29,0,0,0
824,4,0.5,100,5,0.1,75,0.25,0.1,1,40,0,0,0
825,5,0.5,100,5,0.1,75,0.25,0.1,1,30,0,0,0
826,6,0.5,100,5,0.1,75,0.25,0.1,1,41,0,0,0
827,7,0.5,100,5,0.1,75,0.25,0.1,1,35,0,0,0
828,8,0.5,100,5,0.1,75,0.25,0.1,1,15,0,0,0
829,9,0.5,100,5,0.1,75,0.25,0.1,1,12,0,0,0
830,10,0.5,100,5,0.1,75,0.25,0.1,1,25,0,0,0
831,1,1,100,5,0.1,75,0.25,0.1,1,33,0,0,0
832,2,1,100,5,0.1,75,0.25,0.1,1,35,0,0,0
833,3,1,100,5,0.1,75,0.25,0.1,1,29,0,0,0
834,4,1,100,5,0.1,75,0.25,0.1,1,40,0,0,0
835,5,1,100,5,0.1,75,0.25,0.1,1,30,0,0,0
836,6,1,100,5,0.1,75,0.25,0.1,1,41,0,0,0
837,7,1,100,5,0.1,75,0.25,0.1,1,35,0,0,0
838,8,1,100,5,0.1,75,0.25,0.1,1,15,0,0,0
839,9,1,100,5,0.1,75,0.25,0.1,1,12,0,0,0
840,10,1,100,5,0.1,75,0.25,0.1,1,25,0,0,0
841,1,0.2,100,5,0.25,75,0.25,0.1,1,33,0,0,0
842,2,0.2,100,5,0.25,75,0.25,0.1,1,32,0,0,0
843,3,0.2,100,5,0.25,75,0.25,0.1,1,40,0,0,0
844,4,0.2,100,5,0.25,75,0.25,0.1,1,42,0,0,0
845,5,0.2,100,5,0.25,75,0.25,0.1,1,58,0,0,0
846,6,0.2,100,5,0.25,75,0.25,0.1,1,25,0,0,0
847,7,0.2,100,5,0.25,75,0.25,0.1,1,30,0,0,0
848,8,0.2,100,5,0.25,75,0.25,0.1,1,15,0,0,0
849,9,0.2,100,5,0.25,75,0.25,0.1,1,12,0,0,0
850,10,0.2,100,5,0.25,75,0.25,0.1,1,25,0,0,0
851,1,0.5,100,5,0.25,75,0.25,0.1,1,33,0,0,0
852,2,0.5,100,5,0.25,75,0.25,0.1,1,32,0,0,0
853,3,0.5,100,5,0.25,75,0.25,0.1,1,40,0,0,0
854,4,0.5,100,5,0.25,75,0.25,0.1,1,42,0,0,0
855,5,0.5,100,5,0.25,75,0.25,0.1,1,58,0,0,0
856,6,0.5,100,5,0.25,75,0.25,0.1,1,25,0,0,0
857,7,0.5,100,5,0.25,75,0.25,0.1,1,30,0,0,0
858,8,0.5,100,5,0.25,75,0.25,0.1,1,15,0,0,0
859,9,0.5,100,5,0.25,75,0.25,0.1,1,12,0,0,0
860,10,0.5,100,5,0.25,75,0.25,0.1,1,25,0,0,0
861,1,1,100,5,0.25,75,0.25,0.1,1,33,0,0,0
862,2,1,100,5,0.25,75,0.25,0.1,1,32,0,0,0
863,3,1,100,5,0.25,75,0.25,0.1,1,40,0,0,0
864,4,1,100,5,0.25,75,0.25,0.1,1,42,0,0,0
865,5,1,100,5,0.25,75,0.25,0.1,1,58,0,0,0
866,6,1,100,5,0.25,75,0.25,0.1,1,25,0,0,0
867,7,1,100,5,0.25,75,0.25,0.1,1,30,0,0,0
868,8,1,100,5,0.25,75,0.25,0.1,1,15,0,0,0
869,9,1,100,5,0.25,75,0.25,0.1,1,12,0,0,0
870,10,1,100,5,0.25,75,0.25,0.1,1,25,0,0,0
871,1,0.2,100,5,0.5,75,0.25,0.1,1,33,0,0,0
872,2,0.2,100,5,0.5,75,0.25,0.1,1,54,0,0,0
873,3,0.2,100,5,0.5,75,0.25,0.1,1,46,0,0,0
874,4,0.2,100,5,0.5,75,0.25,0.1,1,29,0,0,0
875,5,0.2,100,5,0.5,75,0.25,0.1,1,40,0,0,0
876,6,0.2,100,5,0.5,75,0.25,0.1,1,112,0,0,0
877,7,0.2,100,5,0.5,75,0.25,0.1,1,58,0,0,0
878,8,0.2,100,5,0.5,75,0.25,0.1,1,15,0,0,0
879,9,0.2,100,5,0.5,75,0.25,0.1,1,12,0,0,0
880,10,0.2,100,5,0.5,75,0.25,0.1,1,25,0,0,0
881,1,0.5,100,5,0.5,75,0.25,0.1,1,33,0,0,0
882,2,0.5,100,5,0.5,75,0.25,0.1,1,54,0,0,0
883,3,0.5,100,5,0.5,75,0.25,0.1,1,46,0,0,0
884,4,0.5,100,5,0.5,75,0.25,0.1,1,29,0,0,0
885,5,0.5,100,5,0.5,75,0.25,0.1,1,40,0,0,0
886,6,0.5,100,5,0.5,75,0.25,0.1,1,112,0,0,0
887,7,0.5,100,5,0.5,75,0.25,0.1,1,58,0,0,0
888,8,0.5,100,5,0.5,75,0.25,0.1,1,15,0,0,0
889,9,0.5,100,5,0.5,75,0.25,0.1,1,12,0,0,0
890,10,0.5,100,5,0.5,75,0.25,0.1,1,25,0,0,0
891,1,1,100,5,0.5,75,0.25,0.1,1,33,0,0,0
892,2,1,100,5,0.5,75,0.25,0.1,1,54,0,0,0
893,3,1,100,5,0.5,75,0.25,0.1,1,46,0,0,0
894,4,1,100,5,0.5,75,0.25,0.1,1,29,0,0,0
895,5,1,100,5,0.5,75,0.25,0.1,1,40,0,0,0
896,6,1,100,5,0.5,75,0.25,0.1,1,112,0,0,0
897,7,1,100,5,0.5,75,0.25,0.1,1,58,0,0,0
898,8,1,100,5,0.5,75,0.25,0.1,1,15,0,0,0
899,9,1,100,5,0.5,75,0.25,0.1,1,12,0,0,0
900,10,1,100,5,0.5,75,0.25,0.1,1,25,0,0,0
901,1,0.2,100,5,0.1,75,0.1,0.2,1,68,0,0,0
902,2,0.2,100,5,0.1,75,0.1,0.2,1,81,0,0,0
903,3,0.2,100,5,0.1,75,0.1,0.2,1,104,0,0,0
904,4,0.2,100,5,0.1,75,0.1,0.2,1,113,0,0,0
905,5,0.2,100,5,0.1,75,0.1,0.2,1,83,0,0,0
906,6,0.2,100,5,0.1,75,0.1,0.2,1,154,0,0,0
907,7,0.2,100,5,0.1,75,0.1,0.2,1,78,0,0,0
908,8,0.2,100,5,0.1,75,0.1,0.2,1,92,0,0,0
909,9,0.2,100,5,0.1,75,0.1,0.2,1,47,0,0,0
910,10,0.2,100,5,0.1,75,0.1,0.2,1,68,0,0,0
911,1,0.5,100,5,0.1,75,0.1,0.2,1,68,0,0,0
912,2,0.5,100,5,0.1,75,0.1,0.2,1,81,0,0,0
913,3,0.5,100,5,0.1,75,0.1,0.2,1,104,0,0,0
914,4,0.5,100,5,0.1,75,0.1,0.2,1,113,0,0,0
915,5,0.5,100,5,0.1,75,0.1,0.2,1,83,0,0,0
916,6,0.5,100,5,0.1,75,0.1,0.2,1,154,0,0,0
917,7,0.5,100,5,0.1,75,0.1,0.2,1,78,0,0,0
918,8,0.5,100,5,0.1,75,0.1,0.2,1,92,0,0,0
919,9,0.5,100,5,0.1,75,0.1,0.2,1,47,0,0,0
920,10,0.5,100,5,0.1,75,0.1,0.2,1,68,0,0,0
921,1,1,100,5,0.1,75,0.1,0.2,1,68,0,0,0
922,2,1,100,5,0.1,75,0.1,0.2,1,81,0,0,0
923,3,1,100,5,0.1,75,0.1,0.2,1,104,0,0,0
924,4,1,100,5,0.1,75,0.1,0.2,1,113,0,0,0
925,5,1,100,5,0.1,75,0.1,0.2,1,83,0,0,0
926,6,1,100,5,0.1,75,0.1,0.2,1,154,0,0,0
927,7,1,100,5,0.1,75,0.1,0.2,1,78,0,0,0
928,8,1,100,5,0.1,75,0.1,0.2,1,92,0,0,0
929,9,1,100,5,0.1,75,0.1,0.2,1,47,0,0,0
930,10,1,100,5,0.1,75,0.1,0.2,1,68,0,0,0
931,1,0.2,100,5,0.25,75,0.1,0.2,1,138,0,0,0
932,2,0.2,100,5,0.25,75,0.1,0.2,1,91,2288,2.196918706,2672.5
933,3,0.2,100,5,0.25,75,0.1,0.2,1,135,2153,1.574686484,3397.5
934,4,0.2,100,5,0.25,75,0.1,0.2,1,102,2004,2.715693613,3525.25
935,5,0.2,100,5,0.25,75,0.1,0.2,1,131,2055,3.597396594,3753
936,6,0.2,100,5,0.25,75,0.1,0.2,1,143,2046,2.396920821,3462
937,7,0.2,100,5,0.25,75,0.1,0.2,1,156,0,0,0
938,8,0.2,100,5,0.25,75,0.1,0.2,1,128,0,0,0
939,9,0.2,100,5,0.25,75,0.1,0.2,1,209,0,0,0
940,10,0.2,100,5,0.25,75,0.1,0.2,1,181,2178,3.028512397,3192.25
941,1,0.5,100,5,0.25,75,0.1,0.2,1,138,0,0,0
942,2,0.5,100,5,0.25,75,0.1,0.2,1,91,2288,2.196918706,2672.5
943,3,0.5,100,5,0.25,75,0.1,0.2,1,135,2153,1.574686484,3397.5
944,4,0.5,100,5,0.25,75,0.1,0.2,1,102,2004,2.715693613,3525.25
945,5,0.5,100,5,0.25,75,0.1,0.2,1,131,2055,3.597396594,3753
946,6,0.5,100,5,0.25,75,0.1,0.2,1,143,2046,2.396920821,3462
947,7,0.5,100,5,0.25,75,0.1,0.2,1,156,0,0,0
948,8,0.5,100,5,0.25,75,0.1,0.2,1,128,0,0,0
949,9,0.5,100,5,0.25,75,0.1,0.2,1,209,0,0,0
950,10,0.5,100,5,0.25,75,0.1,0.2,1,181,2178,3.028512397,3192.25
951,1,1,100,5,0.25,75,0.1,0.2,1,138,0,0,0
952,2,1,100,5,0.25,75,0.1,0.2,1,91,2288,2.196918706,2672.5
953,3,1,100,5,0.25,75,0.1,0.2,1,135,2153,1.574686484,3397.5
954,4,1,100,5,0.25,75,0.1,0.2,1,102,2004,2.715693613,3525.25
955,5,1,100,5,0.25,75,0.1,0.2,1,131,2055,3.597396594,3753
956,6,1,100,5,0.25,75,0.1,0.2,1,143,2046,2.396920821,3462
957,7,1,100,5,0.25,75,0.1,0.2,1,156,0,0,0
958,8,1,100,5,0.25,75,0.1,0.2,1,128,0,0,0
959,9,1,100,5,0.25,75,0.1,0.2,1,209,0,0,0
960,10,1,100,5,0.25,75,0.1,0.2,1,181,2178,3.028512397,3192.25
961,1,0.2,100,5,0.5,75,0.1,0.2,1,57,2040,3.462058824,5699
962,2,0.2,100,5,0.5,75,0.1,0.2,1,79,2114,2.740208136,6179
963,3,0.2,100,5,0.5,75,0.1,0.2,1,199,2137,3.146279832,4452
964,4,0.2,100,5,0.5,75,0.1,0.2,1,120,2020,1.128762376,4917.5
965,5,0.2,100,5,0.5,75,0.1,0.2,1,71,2040,3.697598039,6543
966,6,0.2,100,5,0.5,75,0.1,0.2,1,40,2088,2.613170498,4113.5
967,7,0.2,100,5,0.5,75,0.1,0.2,1,52,2074,2.23490839,5147.5
968,8,0.2,100,5,0.5,75,0.1,0.2,1,50,2124,3.179096045,5615
969,9,0.2,100,5,0.5,75,0.1,0.2,1,89,2042,2.408472086,4651.5
970,10,0.2,100,5,0.5,75,0.1,0.2,1,33,2082,6.152929875,4806.5
971,1,0.5,100,5,0.5,75,0.1,0.2,1,57,2040,3.462058824,5699
972,2,0.5,100,5,0.5,75,0.1,0.2,1,79,2114,2.740208136,6179
973,3,0.5,100,5,0.5,75,0.1,0.2,1,199,2137,3.146279832,4452
974,4,0.5,100,5,0.5,75,0.1,0.2,1,120,2020,1.128762376,4917.5
975,5,0.5,100,5,0.5,75,0.1,0.2,1,71,2040,3.697598039,6543
976,6,0.5,100,5,0.5,75,0.1,0.2,1,40,2088,2.613170498,4113.5
977,7,0.5,100,5,0.5,75,0.1,0.2,1,52,2074,2.23490839,5147.5
978,8,0.5,100,5,0.5,75,0.1,0.2,1,50,2124,3.179096045,5615
979,9,0.5,100,5,0.5,75,0.1,0.2,1,89,2042,2.408472086,4651.5
980,10,0.5,100,5,0.5,75,0.1,0.2,1,33,2082,6.152929875,4806.5
981,1,1,100,5,0.5,75,0.1,0.2,1,57,2040,3.462058824,5699
982,2,1,100,5,0.5,75,0.1,0.2,1,79,2114,2.740208136,6179
983,3,1,100,5,0.5,75,0.1,0.2,1,199,2137,3.146279832,4452
984,4,1,100,5,0.5,75,0.1,0.2,1,120,2020,1.128762376,4917.5
985,5,1,100,5,0.5,75,0.1,0.2,1,71,2040,3.697598039,6543
986,6,1,100,5,0.5,75,0.1,0.2,1,40,2088,2.613170498,4113.5
987,7,1,100,5,0.5,75,0.1,0.2,1,52,2074,2.23490839,5147.5
988,8,1,100,5,0.5,75,0.1,0.2,1,50,2124,3.179096045,5615
989,9,1,100,5,0.5,75,0.1,0.2,1,89,2042,2.408472086,4651.5
990,10,1,100,5,0.5,75,0.1,0.2,1,33,2082,6.152929875,4806.5
991,1,0.2,100,5,0.1,75,0.25,0.2,1,27,0,0,0
992,2,0.2,100,5,0.1,75,0.25,0.2,1,42,0,0,0
993,3,0.2,100,5,0.1,75,0.25,0.2,1,31,0,0,0
994,4,0.2,100,5,0.1,75,0.25,0.2,1,39,0,0,0
995,5,0.2,100,5,0.1,75,0.25,0.2,1,33,0,0,0
996,6,0.2,100,5,0.1,75,0.25,0.2,1,73,0,0,0
997,7,0.2,100,5,0.1,75,0.25,0.2,1,61,0,0,0
998,8,0.2,100,5,0.1,75,0.25,0.2,1,58,0,0,0
999,9,0.2,100,5,0.1,75,0.25,0.2,1,26,0,0,0
1000,10,0.2,100,5,0.1,75,0.25,0.2,1,77,0,0,0
1001,1,0.5,100,5,0.1,75,0.25,0.2,1,27,0,0,0
1002,2,0.5,100,5,0.1,75,0.25,0.2,1,42,0,0,0
1003,3,0.5,100,5,0.1,75,0.25,0.2,1,31,0,0,0
1004,4,0.5,100,5,0.1,75,0.25,0.2,1,39,0,0,0
1005,5,0.5,100,5,0.1,75,0.25,0.2,1,33,0,0,0
1006,6,0.5,100,5,0.1,75,0.25,0.2,1,73,0,0,0
1007,7,0.5,100,5,0.1,75,0.25,0.2,1,61,0,0,0
1008,8,0.5,100,5,0.1,75,0.25,0.2,1,58,0,0,0
1009,9,0.5,100,5,0.1,75,0.25,0.2,1,26,0,0,0
1010,10,0.5,100,5,0.1,75,0.25,0.2,1,77,0,0,0
1011,1,1,100,5,0.1,75,0.25,0.2,1,27,0,0,0
1012,2,1,100,5,0.1,75,0.25,0.2,1,42,0,0,0
1013,3,1,100,5,0.1,75,0.25,0.2,1,31,0,0,0
1014,4,1,100,5,0.1,75,0.25,0.2,1,39,0,0,0
1015,5,1,100,5,0.1,75,0.25,0.2,1,33,0,0,0
1016,6,1,100,5,0.1,75,0.25,0.2,1,73,0,0,0
1017,7,1,100,5,0.1,75,0.25,0.2,1,61,0,0,0
1018,8,1,100,5,0.1,75,0.25,0.2,1,58,0,0,0
1019,9,1,100,5,0.1,75,0.25,0.2,1,26,0,0,0
1020,10,1,100,5,0.1,75,0.25,0.2,1,77,0,0,0
1021,1,0.2,100,5,0.25,75,0.25,0.2,1,40,0,0,0
1022,2,0.2,100,5,0.25,75,0.25,0.2,1,84,0,0,0
1023,3,0.2,100,5,0.25,75,0.25,0.2,1,53,0,0,0
1024,4,0.2,100,5,0.25,75,0.25,0.2,1,55,0,0,0
1025,5,0.2,100,5,0.25,75,0.25,0.2,1,100,0,0,0
1026,6,0.2,100,5,0.25,75,0.25,0.2,1,100,0,0,0
1027,7,0.2,100,5,0.25,75,0.25,0.2,1,86,0,0,0
1028,8,0.2,100,5,0.25,75,0.25,0.2,1,59,0,0,0
1029,9,0.2,100,5,0.25,75,0.25,0.2,1,61,0,0,0
1030,10,0.2,100,5,0.25,75,0.25,0.2,1,77,0,0,0
1031,1,0.5,100,5,0.25,75,0.25,0.2,1,40,0,0,0
1032,2,0.5,100,5,0.25,75,0.25,0.2,1,84,0,0,0
1033,3,0.5,100,5,0.25,75,0.25,0.2,1,53,0,0,0
1034,4,0.5,100,5,0.25,75,0.25,0.2,1,55,0,0,0
1035,5,0.5,100,5,0.25,75,0.25,0.2,1,100,0,0,0
1036,6,0.5,100,5,0.25,75,0.25,0.2,1,100,0,0,0
1037,7,0.5,100,5,0.25,75,0.25,0.2,1,86,0,0,0
1038,8,0.5,100,5,0.25,75,0.25,0.2,1,59,0,0,0
1039,9,0.5,100,5,0.25,75,0.25,0.2,1,61,0,0,0
1040,10,0.5,100,5,0.25,75,0.25,0.2,1,77,0,0,0
1041,1,1,100,5,0.25,75,0.25,0.2,1,40,0,0,0
1042,2,1,100,5,0.25,75,0.25,0.2,1,84,0,0,0
1043,3,1,100,5,0.25,75,0.25,0.2,1,53,0,0,0
1044,4,1,100,5,0.25,75,0.25,0.2,1,55,0,0,0
1045,5,1,100,5,0.25,75,0.25,0.2,1,100,0,0,0
1046,6,1,100,5,0.25,75,0.25,0.2,1,100,0,0,0
1047,7,1,100,5,0.25,75,0.25,0.2,1,86,0,0,0
1048,8,1,100,5,0.25,75,0.25,0.2,1,59,0,0,0
1049,9,1,100,5,0.25,75,0.25,0.2,1,61,0,0,0
1050,10,1,100,5,0.25,75,0.25,0.2,1,77,0,0,0
1051,1,0.2,100,5,0.5,75,0.25,0.2,1,57,0,0,0
1052,2,0.2,100,5,0.5,75,0.25,0.2,1,80,2128,2.527020677,4869.5
1053,3,0.2,100,5,0.5,75,0.25,0.2,1,148,2052,4.227582846,5413
1054,4,0.2,100,5,0.5,75,0.25,0.2,1,37,0,0,0
1055,5,0.2,100,5,0.5,75,0.25,0.2,1,71,0,0,0
1056,6,0.2,100,5,0.5,75,0.25,0.2,1,70,0,0,0
1057,7,0.2,100,5,0.5,75,0.25,0.2,1,160,0,0,0
1058,8,0.2,100,5,0.5,75,0.25,0.2,1,44,0,0,0
1059,9,0.2,100,5,0.5,75,0.25,0.2,1,104,2100,4.263452381,5887.5
1060,10,0.2,100,5,0.5,75,0.25,0.2,1,246,0,0,0
1061,1,0.5,100,5,0.5,75,0.25,0.2,1,57,0,0,0
1062,2,0.5,100,5,0.5,75,0.25,0.2,1,80,2128,2.527020677,4869.5
1063,3,0.5,100,5,0.5,75,0.25,0.2,1,148,2052,4.227582846,5413
1064,4,0.5,100,5,0.5,75,0.25,0.2,1,37,0,0,0
1065,5,0.5,100,5,0.5,75,0.25,0.2,1,71,0,0,0
1066,6,0.5,100,5,0.5,75,0.25,0.2,1,70,0,0,0
1067,7,0.5,100,5,0.5,75,0.25,0.2,1,160,0,0,0
1068,8,0.5,100,5,0.5,75,0.25,0.2,1,44,0,0,0
1069,9,0.5,100,5,0.5,75,0.25,0.2,1,104,2100,4.263452381,5887.5
1070,10,0.5,100,5,0.5,75,0.25,0.2,1,246,0,0,0
1071,1,1,100,5,0.5,75,0.25,0.2,1,57,0,0,0
1072,2,1,100,5,0.5,75,0.25,0.2,1,80,2128,2.527020677,4869.5
1073,3,1,100,5,0.5,75,0.25,0.2,1,148,2052,4.227582846,5413
1074,4,1,100,5,0.5,75,0.25,0.2,1,37,0,0,0
1075,5,1,100,5,0.5,75,0.25,0.2,1,71,0,0,0
1076,6,1,100,5,0.5,75,0.25,0.2,1,70,0,0,0
1077,7,1,100,5,0.5,75,0.25,0.2,1,160,0,0,0
1078,8,1,100,5,0.5,75,0.25,0.2,1,44,0,0,0
1079,9,1,100,5,0.5,75,0.25,0.2,1,104,2100,4.263452381,5887.5
1080,10,1,100,5,0.5,75,0.25,0.2,1,246,0,0,0
1081,1,0.2,100,5,0.1,75,0.1,0,2,88,0,0,0
1082,2,0.2,100,5,0.1,75,0.1,0,2,620,0,0,0
1083,3,0.2,100,5,0.1,75,0.1,0,2,103,0,0,0
1084,4,0.2,100,5,0.1,75,0.1,0,2,96,0,0,0
1085,5,0.2,100,5,0.1,75,0.1,0,2,52,0,0,0
1086,6,0.2,100,5,0.1,75,0.1,0,2,108,0,0,0
1087,7,0.2,100,5,0.1,75,0.1,0,2,89,0,0,0
1088,8,0.2,100,5,0.1,75,0.1,0,2,63,0,0,0
1089,9,0.2,100,5,0.1,75,0.1,0,2,108,0,0,0
1090,10,0.2,100,5,0.1,75,0.1,0,2,102,0,0,0
1091,1,0.5,100,5,0.1,75,0.1,0,2,88,0,0,0
1092,2,0.5,100,5,0.1,75,0.1,0,2,620,0,0,0
1093,3,0.5,100,5,0.1,75,0.1,0,2,103,0,0,0
1094,4,0.5,100,5,0.1,75,0.1,0,2,96,0,0,0
1095,5,0.5,100,5,0.1,75,0.1,0,2,52,0,0,0
1096,6,0.5,100,5,0.1,75,0.1,0,2,108,0,0,0
1097,7,0.5,100,5,0.1,75,0.1,0,2,89,0,0,0
1098,8,0.5,100,5,0.1,75,0.1,0,2,63,0,0,0
1099,9,0.5,100,5,0.1,75,0.1,0,2,108,0,0,0
1100,10,0.5,100,5,0.1,75,0.1,0,2,102,0,0,0
1101,1,1,100,5,0.1,75,0.1,0,2,88,0,0,0
1102,2,1,100,5,0.1,75,0.1,0,2,620,0,0,0
1103,3,1,100,5,0.1,75,0.1,0,2,103,0,0,0
1104,4,1,100,5,0.1,75,0.1,0,2,96,0,0,0
1105,5,1,100,5,0.1,75,0.1,0,2,52,0,0,0
1106,6,1,100,5,0.1,75,0.1,0,2,108,0,0,0
1107,7,1,100,5,0.1,75,0.1,0,2,89,0,0,0
1108,8,1,100,5,0.1,75,0.1,0,2,63,0,0,0
1109,9,1,100,5,0.1,75,0.1,0,2,108,0,0,0
1110,10,1,100,5,0.1,75,0.1,0,2,102,0,0,0
1111,1,0.2,100,5,0.25,75,0.1,0,2,88,0,0,0
1112,2,0.2,100,5,0.25,75,0.1,0,2,620,0,0,0
1113,3,0.2,100,5,0.25,75,0.1,0,2,103,0,0,0
1114,4,0.2,100,5,0.25,75,0.1,0,2,96,0,0,0
1115,5,0.2,100,5,0.25,75,0.1,0,2,52,0,0,0
1116,6,0.2,100,5,0.25,75,0.1,0,2,73,0,0,0
1117,7,0.2,100,5,0.25,75,0.1,0,2,104,0,0,0
1118,8,0.2,100,5,0.25,75,0.1,0,2,63,0,0,0
1119,9,0.2,100,5,0.25,75,0.1,0,2,108,0,0,0
1120,10,0.2,100,5,0.25,75,0.1,0,2,102,0,0,0
1121,1,0.5,100,5,0.25,75,0.1,0,2,88,0,0,0
1122,2,0.5,100,5,0.25,75,0.1,0,2,620,0,0,0
1123,3,0.5,100,5,0.25,75,0.1,0,2,103,0,0,0
1124,4,0.5,100,5,0.25,75,0.1,0,2,96,0,0,0
1125,5,0.5,100,5,0.25,75,0.1,0,2,52,0,0,0
1126,6,0.5,100,5,0.25,75,0.1,0,2,73,0,0,0
1127,7,0.5,100,5,0.25,75,0.1,0,2,104,0,0,0
1128,8,0.5,100,5,0.25,75,0.1,0,2,63,0,0,0
1129,9,0.5,100,5,0.25,75,0.1,0,2,108,0,0,0
1130,10,0.5,100,5,0.25,75,0.1,0,2,102,0,0,0
1131,1,1,100,5,0.25,75,0.1,0,2,88,0,0,0
1132,2,1,100,5,0.25,75,0.1,0,2,620,0,0,0
1133,3,1,100,5,0.25,75,0.1,0,2,103,0,0,0
1134,4,1,100,5,0.25,75,0.1,0,2,96,0,0,0
1135,5,1,100,5,0.25,75,0.1,0,2,52,0,0,0
1136,6,1,100,5,0.25,75,0.1,0,2,73,0,0,0
1137,7,1,100,5,0.25,75,0.1,0,2,104,0,0,0
1138,8,1,100,5,0.25,75,0.1,0,2,63,0,0,0
1139,9,1,100,5,0.25,75,0.1,0,2,108,0,0,0
1140,10,1,100,5,0.25,75,0.1,0,2,102,0,0,0
1141,1,0.2,100,5,0.5,75,0.1,0,2,134,0,0,0
1142,2,0.2,100,5,0.5,75,0.1,0,2,209,0,0,0
1143,3,0.2,100,5,0.5,75,0.1,0,2,197,0,0,0
1144,4,0.2,100,5,0.5,75,0.1,0,2,96,0,0,0
1145,5,0.2,100,5,0.5,75,0.1,0,2,52,0,0,0
1146,6,0.2,100,5,0.5,75,0.1,0,2,82,0,0,0
1147,7,0.2,100,5,0.5,75,0.1,0,2,135,0,0,0
1148,8,0.2,100,5,0.5,75,0.1,0,2,125,0,0,0
1149,9,0.2,100,5,0.5,75,0.1,0,2,79,0,0,0
1150,10,0.2,100,5,0.5,75,0.1,0,2,163,0,0,0
1151,1,0.5,100,5,0.5,75,0.1,0,2,134,0,0,0
1152,2,0.5,100,5,0.5,75,0.1,0,2,209,0,0,0
1153,3,0.5,100,5,0.5,75,0.1,0,2,197,0,0,0
1154,4,0.5,100,5,0.5,75,0.1,0,2,96,0,0,0
1155,5,0.5,100,5,0.5,75,0.1,0,2,52,0,0,0
1156,6,0.5,100,5,0.5,75,0.1,0,2,82,0,0,0
1157,7,0.5,100,5,0.5,75,0.1,0,2,135,0,0,0
1158,8,0.5,100,5,0.5,75,0.1,0,2,125,0,0,0
1159,9,0.5,100,5,0.5,75,0.1,0,2,79,0,0,0
1160,10,0.5,100,5,0.5,75,0.1,0,2,163,0,0,0
1161,1,1,100,5,0.5,75,0.1,0,2,134,0,0,0
1162,2,1,100,5,0.5,75,0.1,0,2,209,0,0,0
1163,3,1,100,5,0.5,75,0.1,0,2,197,0,0,0
1164,4,1,100,5,0.5,75,0.1,0,2,96,0,0,0
1165,5,1,100,5,0.5,75,0.1,0,2,52,0,0,0
1166,6,1,100,5,0.5,75,0.1,0,2,82,0,0,0
1167,7,1,100,5,0.5,75,0.1,0,2,135,0,0,0
1168,8,1,100,5,0.5,75,0.1,0,2,125,0,0,0
1169,9,1,100,5,0.5,75,0.1,0,2,79,0,0,0
1170,10,1,100,5,0.5,75,0.1,0,2,163,0,0,0
1171,1,0.2,100,5,0.1,75,0.25,0,2,58,0,0,0
1172,2,0.2,100,5,0.1,75,0.25,0,2,24,0,0,0
1173,3,0.2,100,5,0.1,75,0.25,0,2,34,0,0,0
1174,4,0.2,100,5,0.1,75,0.25,0,2,24,0,0,0
1175,5,0.2,100,5,0.1,75,0.25,0,2,27,0,0,0
1176,6,0.2,100,5,0.1,75,0.25,0,2,54,0,0,0
1177,7,0.2,100,5,0.1,75,0.25,0,2,28,0,0,0
1178,8,0.2,100,5,0.1,75,0.25,0,2,27,0,0,0
1179,9,0.2,100,5,0.1,75,0.25,0,2,19,0,0,0
1180,10,0.2,100,5,0.1,75,0.25,0,2,31,0,0,0
1181,1,0.5,100,5,0.1,75,0.25,0,2,58,0,0,0
1182,2,0.5,100,5,0.1,75,0.25,0,2,24,0,0,0
1183,3,0.5,100,5,0.1,75,0.25,0,2,34,0,0,0
1184,4,0.5,100,5,0.1,75,0.25,0,2,24,0,0,0
1185,5,0.5,100,5,0.1,75,0.25,0,2,27,0,0,0
1186,6,0.5,100,5,0.1,75,0.25,0,2,54,0,0,0
1187,7,0.5,100,5,0.1,75,0.25,0,2,28,0,0,0
1188,8,0.5,100,5,0.1,75,0.25,0,2,27,0,0,0
1189,9,0.5,100,5,0.1,75,0.25,0,2,19,0,0,0
1190,10,0.5,100,5,0.1,75,0.25,0,2,31,0,0,0
1191,1,1,100,5,0.1,75,0.25,0,2,58,0,0,0
1192,2,1,100,5,0.1,75,0.25,0,2,24,0,0,0
1193,3,1,100,5,0.1,75,0.25,0,2,34,0,0,0
1194,4,1,100,5,0.1,75,0.25,0,2,24,0,0,0
1195,5,1,100,5,0.1,75,0.25,0,2,27,0,0,0
1196,6,1,100,5,0.1,75,0.25,0,2,54,0,0,0
1197,7,1,100,5,0.1,75,0.25,0,2,28,0,0,0
1198,8,1,100,5,0.1,75,0.25,0,2,27,0,0,0
1199,9,1,100,5,0.1,75,0.25,0,2,19,0,0,0
1200,10,1,100,5,0.1,75,0.25,0,2,31,0,0,0
1201,1,0.2,100,5,0.25,75,0.25,0,2,58,0,0,0
1202,2,0.2,100,5,0.25,75,0.25,0,2,24,0,0,0
1203,3,0.2,100,5,0.25,75,0.25,0,2,34,0,0,0
1204,4,0.2,100,5,0.25,75,0.25,0,2,24,0,0,0
1205,5,0.2,100,5,0.25,75,0.25,0,2,27,0,0,0
1206,6,0.2,100,5,0.25,75,0.25,0,2,54,0,0,0
1207,7,0.2,100,5,0.25,75,0.25,0,2,28,0,0,0
1208,8,0.2,100,5,0.25,75,0.25,0,2,27,0,0,0
1209,9,0.2,100,5,0.25,75,0.25,0,2,19,0,0,0
1210,10,0.2,100,5,0.25,75,0.25,0,2,31,0,0,0
1211,1,0.5,100,5,0.25,75,0.25,0,2,58,0,0,0
1212,2,0.5,100,5,0.25,75,0.25,0,2,24,0,0,0
1213,3,0.5,100,5,0.25,75,0.25,0,2,34,0,0,0
1214,4,0.5,100,5,0.25,75,0.25,0,2,24,0,0,0
1215,5,0.5,100,5,0.25,75,0.25,0,2,27,0,0,0
1216,6,0.5,100,5,0.25,75,0.25,0,2,54,0,0,0
1217,7,0.5,100,5,0.25,75,0.25,0,2,28,0,0,0
1218,8,0.5,100,5,0.25,75,0.25,0,2,27,0,0,0
1219,9,0.5,100,5,0.25,75,0.25,0,2,19,0,0,0
1220,10,0.5,100,5,0.25,75,0.25,0,2,31,0,0,0
1221,1,1,100,5,0.25,75,0.25,0,2,58,0,0,0
1222,2,1,100,5,0.25,75,0.25,0,2,24,0,0,0
1223,3,1,100,5,0.25,75,0.25,0,2,34,0,0,0
1224,4,1,100,5,0.25,75,0.25,0,2,24,0,0,0
1225,5,1,100,5,0.25,75,0.25,0,2,27,0,0,0
1226,6,1,100,5,0.25,75,0.25,0,2,54,0,0,0
1227,7,1,100,5,0.25,75,0.25,0,2,28,0,0,0
1228,8,1,100,5,0.25,75,0.25,0,2,27,0,0,0
1229,9,1,100,5,0.25,75,0.25,0,2,19,0,0,0
1230,10,1,100,5,0.25,75,0.25,0,2,31,0,0,0
1231,1,0.2,100,5,0.5,75,0.25,0,2,58,0,0,0
1232,2,0.2,100,5,0.5,75,0.25,0,2,24,0,0,0
1233,3,0.2,100,5,0.5,75,0.25,0,2,34,0,0,0
1234,4,0.2,100,5,0.5,75,0.25,0,2,24,0,0,0
1235,5,0.2,100,5,0.5,75,0.25,0,2,27,0,0,0
1236,6,0.2,100,5,0.5,75,0.25,0,2,54,0,0,0
1237,7,0.2,100,5,0.5,75,0.25,0,2,28,0,0,0
1238,8,0.2,100,5,0.5,75,0.25,0,2,27,0,0,0
1239,9,0.2,100,5,0.5,75,0.25,0,2,33,0,0,0
1240,10,0.2,100,5,0.5,75,0.25,0,2,31,0,0,0
1241,1,0.5,100,5,0.5,75,0.25,0,2,58,0,0,0
1242,2,0.5,100,5,0.5,75,0.25,0,2,24,0,0,0
1243,3,0.5,100,5,0.5,75,0.25,0,2,34,0,0,0
1244,4,0.5,100,5,0.5,75,0.25,0,2,24,0,0,0
1245,5,0.5,100,5,0.5,75,0.25,0,2,27,0,0,0
1246,6,0.5,100,5,0.5,75,0.25,0,2,54,0,0,0
1247,7,0.5,100,5,0.5,75,0.25,0,2,28,0,0,0
1248,8,0.5,100,5,0.5,75,0.25,0,2,27,0,0,0
1249,9,0.5,100,5,0.5,75,0.25,0,2,33,0,0,0
1250,10,0.5,100,5,0.5,75,0.25,0,2,31,0,0,0
1251,1,1,100,5,0.5,75,0.25,0,2,58,0,0,0
1252,2,1,100,5,0.5,75,0.25,0,2,24,0,0,0
1253,3,1,100,5,0.5,75,0.25,0,2,34,0,0,0
1254,4,1,100,5,0.5,75,0.25,0,2,24,0,0,0
1255,5,1,100,5,0.5,75,0.25,0,2,27,0,0,0
1256,6,1,100,5,0.5,75,0.25,0,2,54,0,0,0
1257,7,1,100,5,0.5,75,0.25,0,2,28,0,0,0
1258,8,1,100,5,0.5,75,0.25,0,2,27,0,0,0
1259,9,1,100,5,0.5,75,0.25,0,2,33,0,0,0
1260,10,1,100,5,0.5,75,0.25,0,2,31,0,0,0
1261,1,0.2,100,5,0.1,75,0.1,0.1,2,178,0,0,0
1262,2,0.2,100,5,0.1,75,0.1,0.1,2,56,0,0,0
1263,3,0.2,100,5,0.1,75,0.1,0.1,2,103,0,0,0
1264,4,0.2,100,5,0.1,75,0.1,0.1,2,134,0,0,0
1265,5,0.2,100,5,0.1,75,0.1,0.1,2,110,0,0,0
1266,6,0.2,100,5,0.1,75,0.1,0.1,2,109,0,0,0
1267,7,0.2,100,5,0.1,75,0.1,0.1,2,66,0,0,0
1268,8,0.2,100,5,0.1,75,0.1,0.1,2,60,0,0,0
1269,9,0.2,100,5,0.1,75,0.1,0.1,2,55,0,0,0
1270,10,0.2,100,5,0.1,75,0.1,0.1,2,62,0,0,0
1271,1,0.5,100,5,0.1,75,0.1,0.1,2,178,0,0,0
1272,2,0.5,100,5,0.1,75,0.1,0.1,2,56,0,0,0
1273,3,0.5,100,5,0.1,75,0.1,0.1,2,103,0,0,0
1274,4,0.5,100,5,0.1,75,0.1,0.1,2,134,0,0,0
1275,5,0.5,100,5,0.1,75,0.1,0.1,2,110,0,0,0
1276,6,0.5,100,5,0.1,75,0.1,0.1,2,109,0,0,0
1277,7,0.5,100,5,0.1,75,0.1,0.1,2,66,0,0,0
1278,8,0.5,100,5,0.1,75,0.1,0.1,2,60,0,0,0
1279,9,0.5,100,5,0.1,75,0.1,0.1,2,55,0,0,0
1280,10,0.5,100,5,0.1,75,0.1,0.1,2,62,0,0,0
1281,1,1,100,5,0.1,75,0.1,0.1,2,178,0,0,0
1282,2,1,100,5,0.1,75,0.1,0.1,2,56,0,0,0
1283,3,1,100,5,0.1,75,0.1,0.1,2,103,0,0,0
1284,4,1,100,5,0.1,75,0.1,0.1,2,134,0,0,0
1285,5,1,100,5,0.1,75,0.1,0.1,2,110,0,0,0
1286,6,1,100,5,0.1,75,0.1,0.1,2,109,0,0,0
1287,7,1,100,5,0.1,75,0.1,0.1,2,66,0,0,0
1288,8,1,100,5,0.1,75,0.1,0.1,2,60,0,0,0
1289,9,1,100,5,0.1,75,0.1,0.1,2,55,0,0,0
1290,10,1,100,5,0.1,75,0.1,0.1,2,62,0,0,0
1291,1,0.2,100,5,0.25,75,0.1,0.1,2,124,0,0,0
1292,2,0.2,100,5,0.25,75,0.1,0.1,2,71,0,0,0
1293,3,0.2,100,5,0.25,75,0.1,0.1,2,94,0,0,0
1294,4,0.2,100,5,0.25,75,0.1,0.1,2,122,0,0,0
1295,5,0.2,100,5,0.25,75,0.1,0.1,2,100,0,0,0
1296,6,0.2,100,5,0.25,75,0.1,0.1,2,116,0,0,0
1297,7,0.2,100,5,0.25,75,0.1,0.1,2,74,0,0,0
1298,8,0.2,100,5,0.25,75,0.1,0.1,2,69,0,0,0
1299,9,0.2,100,5,0.25,75,0.1,0.1,2,125,0,0,0
1300,10,0.2,100,5,0.25,75,0.1,0.1,2,74,0,0,0
1301,1,0.5,100,5,0.25,75,0.1,0.1,2,124,0,0,0
1302,2,0.5,100,5,0.25,75,0.1,0.1,2,71,0,0,0
1303,3,0.5,100,5,0.25,75,0.1,0.1,2,94,0,0,0
1304,4,0.5,100,5,0.25,75,0.1,0.1,2,122,0,0,0
1305,5,0.5,100,5,0.25,75,0.1,0.1,2,100,0,0,0
1306,6,0.5,100,5,0.25,75,0.1,0.1,2,116,0,0,0
1307,7,0.5,100,5,0.25,75,0.1,0.1,2,74,0,0,0
1308,8,0.5,100,5,0.25,75,0.1,0.1,2,69,0,0,0
1309,9,0.5,100,5,0.25,75,0.1,0.1,2,125,0,0,0
1310,10,0.5,100,5,0.25,75,0.1,0.1,2,74,0,0,0
1311,1,1,100,5,0.25,75,0.1,0.1,2,124,0,0,0
1312,2,1,100,5,0.25,75,0.1,0.1,2,71,0,0,0
1313,3,1,100,5,0.25,75,0.1,0.1,2,94,0,0,0
1314,4,1,100,5,0.25,75,0.1,0.1,2,122,0,0,0
1315,5,1,100,5,0.25,75,0.1,0.1,2,100,0,0,0
1316,6,1,100,5,0.25,75,0.1,0.1,2,116,0,0,0
1317,7,1,100,5,0.25,75,0.1,0.1,2,74,0,0,0
1318,8,1,100,5,0.25,75,0.1,0.1,2,69,0,0,0
1319,9,1,100,5,0.25,75,0.1,0.1,2,125,0,0,0
1320,10,1,100,5,0.25,75,0.1,0.1,2,74,0,0,0
1321,1,0.2,100,5,0.5,75,0.1,0.1,2,221,2060,2.952038835,7571.5
1322,2,0.2,100,5,0.5,75,0.1,0.1,2,319,0,0,0
1323,3,0.2,100,5,0.5,75,0.1,0.1,2,176,0,0,0
1324,4,0.2,100,5,0.5,75,0.1,0.1,2,199,0,0,0
1325,5,0.2,100,5,0.5,75,0.1,0.1,2,132,0,0,0
1326,6,0.2,100,5,0.5,75,0.1,0.1,2,57,0,0,0
1327,7,0.2,100,5,0.5,75,0.1,0.1,2,97,0,0,0
1328,8,0.2,100,5,0.5,75,0.1,0.1,2,79,0,0,0
1329,9,0.2,100,5,0.5,75,0.1,0.1,2,299,0,0,0
1330,10,0.2,100,5,0.5,75,0.1,0.1,2,157,0,0,0
1331,1,0.5,100,5,0.5,75,0.1,0.1,2,221,2060,2.952038835,7571.5
1332,2,0.5,100,5,0.5,75,0.1,0.1,2,319,0,0,0
1333,3,0.5,100,5,0.5,75,0.1,0.1,2,176,0,0,0
1334,4,0.5,100,5,0.5,75,0.1,0.1,2,199,0,0,0
1335,5,0.5,100,5,0.5,75,0.1,0.1,2,132,0,0,0
1336,6,0.5,100,5,0.5,75,0.1,0.1,2,57,0,0,0
1337,7,0.5,100,5,0.5,75,0.1,0.1,2,97,0,0,0
1338,8,0.5,100,5,0.5,75,0.1,0.1,2,79,0,0,0
1339,9,0.5,100,5,0.5,75,0.1,0.1,2,299,0,0,0
1340,10,0.5,100,5,0.5,75,0.1,0.1,2,157,0,0,0
1341,1,1,100,5,0.5,75,0.1,0.1,2,221,2060,2.952038835,7571.5
1342,2,1,100,5,0.5,75,0.1,0.1,2,319,0,0,0
1343,3,1,100,5,0.5,75,0.1,0.1,2,176,0,0,0
1344,4,1,100,5,0.5,75,0.1,0.1,2,199,0,0,0
1345,5,1,100,5,0.5,75,0.1,0.1,2,132,0,0,0
1346,6,1,100,5,0.5,75,0.1,0.1,2,57,0,0,0
1347,7,1,100,5,0.5,75,0.1,0.1,2,97,0,0,0
1348,8,1,100,5,0.5,75,0.1,0.1,2,79,0,0,0
1349,9,1,100,5,0.5,75,0.1,0.1,2,299,0,0,0
1350,10,1,100,5,0.5,75,0.1,0.1,2,157,0,0,0
1351,1,0.2,100,5,0.1,75,0.25,0.1,2,23,0,0,0
1352,2,0.2,100,5,0.1,75,0.25,0.1,2,28,0,0,0
1353,3,0.2,100,5,0.1,75,0.25,0.1,2,36,0,0,0
1354,4,0.2,100,5,0.1,75,0.25,0.1,2,20,0,0,0
1355,5,0.2,100,5,0.1,75,0.25,0.1,2,35,0,0,0
1356,6,0.2,100,5,0.1,75,0.25,0.1,2,41,0,0,0
1357,7,0.2,100,5,0.1,75,0.25,0.1,2,33,0,0,0
1358,8,0.2,100,5,0.1,75,0.25,0.1,2,27,0,0,0
1359,9,0.2,100,5,0.1,75,0.25,0.1,2,17,0,0,0
1360,10,0.2,100,5,0.1,75,0.25,0.1,2,31,0,0,0
1361,1,0.5,100,5,0.1,75,0.25,0.1,2,23,0,0,0
1362,2,0.5,100,5,0.1,75,0.25,0.1,2,28,0,0,0
1363,3,0.5,100,5,0.1,75,0.25,0.1,2,36,0,0,0
1364,4,0.5,100,5,0.1,75,0.25,0.1,2,20,0,0,0
1365,5,0.5,100,5,0.1,75,0.25,0.1,2,35,0,0,0
1366,6,0.5,100,5,0.1,75,0.25,0.1,2,41,0,0,0
1367,7,0.5,100,5,0.1,75,0.25,0.1,2,33,0,0,0
1368,8,0.5,100,5,0.1,75,0.25,0.1,2,27,0,0,0
1369,9,0.5,100,5,0.1,75,0.25,0.1,2,17,0,0,0
1370,10,0.5,100,5,0.1,75,0.25,0.1,2,31,0,0,0
1371,1,1,100,5,0.1,75,0.25,0.1,2,23,0,0,0
1372,2,1,100,5,0.1,75,0.25,0.1,2,28,0,0,0
1373,3,1,100,5,0.1,75,0.25,0.1,2,36,0,0,0
1374,4,1,100,5,0.1,75,0.25,0.1,2,20,0,0,0
1375,5,1,100,5,0.1,75,0.25,0.1,2,35,0,0,0
1376,6,1,100,5,0.1,75,0.25,0.1,2,41,0,0,0
1377,7,1,100,5,0.1,75,0.25,0.1,2,33,0,0,0
1378,8,1,100,5,0.1,75,0.25,0.1,2,27,0,0,0
1379,9,1,100,5,0.1,75,0.25,0.1,2,17,0,0,0
1380,10,1,100,5,0.1,75,0.25,0.1,2,31,0,0,0
1381,1,0.2,100,5,0.25,75,0.25,0.1,2,39,0,0,0
1382,2,0.2,100,5,0.25,75,0.25,0.1,2,28,0,0,0
1383,3,0.2,100,5,0.25,75,0.25,0.1,2,54,0,0,0
1384,4,0.2,100,5,0.25,75,0.25,0.1,2,20,0,0,0
1385,5,0.2,100,5,0.25,75,0.25,0.1,2,35,0,0,0
1386,6,0.2,100,5,0.25,75,0.25,0.1,2,36,0,0,0
1387,7,0.2,100,5,0.25,75,0.25,0.1,2,37,0,0,0
1388,8,0.2,100,5,0.25,75,0.25,0.1,2,27,0,0,0
1389,9,0.2,100,5,0.25,75,0.25,0.1,2,17,0,0,0
1390,10,0.2,100,5,0.25,75,0.25,0.1,2,38,0,0,0
1391,1,0.5,100,5,0.25,75,0.25,0.1,2,39,0,0,0
1392,2,0.5,100,5,0.25,75,0.25,0.1,2,28,0,0,0
1393,3,0.5,100,5,0.25,75,0.25,0.1,2,54,0,0,0
1394,4,0.5,100,5,0.25,75,0.25,0.1,2,20,0,0,0
1395,5,0.5,100,5,0.25,75,0.25,0.1,2,35,0,0,0
1396,6,0.5,100,5,0.25,75,0.25,0.1,2,36,0,0,0
1397,7,0.5,100,5,0.25,75,0.25,0.1,2,37,0,0,0
1398,8,0.5,100,5,0.25,75,0.25,0.1,2,27,0,0,0
1399,9,0.5,100,5,0.25,75,0.25,0.1,2,17,0,0,0
1400,10,0.5,100,5,0.25,75,0.25,0.1,2,38,0,0,0
1401,1,1,100,5,0.25,75,0.25,0.1,2,39,0,0,0
1402,2,1,100,5,0.25,75,0.25,0.1,2,28,0,0,0
1403,3,1,100,5,0.25,75,0.25,0.1,2,54,0,0,0
1404,4,1,100,5,0.25,75,0.25,0.1,2,20,0,0,0
1405,5,1,100,5,0.25,75,0.25,0.1,2,35,0,0,0
1406,6,1,100,5,0.25,75,0.25,0.1,2,36,0,0,0
1407,7,1,100,5,0.25,75,0.25,0.1,2,37,0,0,0
1408,8,1,100,5,0.25,75,0.25,0.1,2,27,0,0,0
1409,9,1,100,5,0.25,75,0.25,0.1,2,17,0,0,0
1410,10,1,100,5,0.25,75,0.25,0.1,2,38,0,0,0
1411,1,0.2,100,5,0.5,75,0.25,0.1,2,16,0,0,0
1412,2,0.2,100,5,0.5,75,0.25,0.1,2,28,0,0,0
1413,3,0.2,100,5,0.5,75,0.25,0.1,2,35,0,0,0
1414,4,0.2,100,5,0.5,75,0.25,0.1,2,20,0,0,0
1415,5,0.2,100,5,0.5,75,0.25,0.1,2,35,0,0,0
1416,6,0.2,100,5,0.5,75,0.25,0.1,2,50,0,0,0
1417,7,0.2,100,5,0.5,75,0.25,0.1,2,46,0,0,0
1418,8,0.2,100,5,0.5,75,0.25,0.1,2,27,0,0,0
1419,9,0.2,100,5,0.5,75,0.25,0.1,2,20,0,0,0
1420,10,0.2,100,5,0.5,75,0.25,0.1,2,35,0,0,0
1421,1,0.5,100,5,0.5,75,0.25,0.1,2,16,0,0,0
1422,2,0.5,100,5,0.5,75,0.25,0.1,2,28,0,0,0
1423,3,0.5,100,5,0.5,75,0.25,0.1,2,35,0,0,0
1424,4,0.5,100,5,0.5,75,0.25,0.1,2,20,0,0,0
1425,5,0.5,100,5,0.5,75,0.25,0.1,2,35,0,0,0
1426,6,0.5,100,5,0.5,75,0.25,0.1,2,50,0,0,0
1427,7,0.5,100,5,0.5,75,0.25,0.1,2,46,0,0,0
1428,8,0.5,100,5,0.5,75,0.25,0.1,2,27,0,0,0
1429,9,0.5,100,5,0.5,75,0.25,0.1,2,20,0,0,0
1430,10,0.5,100,5,0.5,75,0.25,0.1,2,35,0,0,0
1431,1,1,100,5,0.5,75,0.25,0.1,2,16,0,0,0
1432,2,1,100,5,0.5,75,0.25,0.1,2,28,0,0,0
1433,3,1,100,5,0.5,75,0.25,0.1,2,35,0,0,0
1434,4,1,100,5,0.5,75,0.25,0.1,2,20,0,0,0
1435,5,1,100,5,0.5,75,0.25,0.1,2,35,0,0,0
1436,6,1,100,5,0.5,75,0.25,0.1,2,50,0,0,0
1437,7,1,100,5,0.5,75,0.25,0.1,2,46,0,0,0
1438,8,1,100,5,0.5,75,0.25,0.1,2,27,0,0,0
1439,9,1,100,5,0.5,75,0.25,0.1,2,20,0,0,0
1440,10,1,100,5,0.5,75,0.25,0.1,2,35,0,0,0
1441,1,0.2,100,5,0.1,75,0.1,0.2,2,68,0,0,0
1442,2,0.2,100,5,0.1,75,0.1,0.2,2,135,0,0,0
1443,3,0.2,100,5,0.1,75,0.1,0.2,2,89,0,0,0
1444,4,0.2,100,5,0.1,75,0.1,0.2,2,70,0,0,0
1445,5,0.2,100,5,0.1,75,0.1,0.2,2,79,0,0,0
1446,6,0.2,100,5,0.1,75,0.1,0.2,2,54,0,0,0
1447,7,0.2,100,5,0.1,75,0.1,0.2,2,80,0,0,0
1448,8,0.2,100,5,0.1,75,0.1,0.2,2,57,0,0,0
1449,9,0.2,100,5,0.1,75,0.1,0.2,2,85,0,0,0
1450,10,0.2,100,5,0.1,75,0.1,0.2,2,83,0,0,0
1451,1,0.5,100,5,0.1,75,0.1,0.2,2,68,0,0,0
1452,2,0.5,100,5,0.1,75,0.1,0.2,2,135,0,0,0
1453,3,0.5,100,5,0.1,75,0.1,0.2,2,89,0,0,0
1454,4,0.5,100,5,0.1,75,0.1,0.2,2,70,0,0,0
1455,5,0.5,100,5,0.1,75,0.1,0.2,2,79,0,0,0
1456,6,0.5,100,5,0.1,75,0.1,0.2,2,54,0,0,0
1457,7,0.5,100,5,0.1,75,0.1,0.2,2,80,0,0,0
1458,8,0.5,100,5,0.1,75,0.1,0.2,2,57,0,0,0
1459,9,0.5,100,5,0.1,75,0.1,0.2,2,85,0,0,0
1460,10,0.5,100,5,0.1,75,0.1,0.2,2,83,0,0,0
1461,1,1,100,5,0.1,75,0.1,0.2,2,68,0,0,0
1462,2,1,100,5,0.1,75,0.1,0.2,2,135,0,0,0
1463,3,1,100,5,0.1,75,0.1,0.2,2,89,0,0,0
1464,4,1,100,5,0.1,75,0.1,0.2,2,70,0,0,0
1465,5,1,100,5,0.1,75,0.1,0.2,2,79,0,0,0
1466,6,1,100,5,0.1,75,0.1,0.2,2,54,0,0,0
1467,7,1,100,5,0.1,75,0.1,0.2,2,80,0,0,0
1468,8,1,100,5,0.1,75,0.1,0.2,2,57,0,0,0
1469,9,1,100,5,0.1,75,0.1,0.2,2,85,0,0,0
1470,10,1,100,5,0.1,75,0.1,0.2,2,83,0,0,0
1471,1,0.2,100,5,0.25,75,0.1,0.2,2,85,0,0,0
1472,2,0.2,100,5,0.25,75,0.1,0.2,2,79,0,0,0
1473,3,0.2,100,5,0.25,75,0.1,0.2,2,171,0,0,0
1474,4,0.2,100,5,0.25,75,0.1,0.2,2,86,0,0,0
1475,5,0.2,100,5,0.25,75,0.1,0.2,2,135,0,0,0
1476,6,0.2,100,5,0.25,75,0.1,0.2,2,62,0,0,0
1477,7,0.2,100,5,0.25,75,0.1,0.2,2,112,0,0,0
1478,8,0.2,100,5,0.25,75,0.1,0.2,2,103,0,0,0
1479,9,0.2,100,5,0.25,75,0.1,0.2,2,115,0,0,0
1480,10,0.2,100,5,0.25,75,0.1,0.2,2,167,0,0,0
1481,1,0.5,100,5,0.25,75,0.1,0.2,2,85,0,0,0
1482,2,0.5,100,5,0.25,75,0.1,0.2,2,79,0,0,0
1483,3,0.5,100,5,0.25,75,0.1,0.2,2,171,0,0,0
1484,4,0.5,100,5,0.25,75,0.1,0.2,2,86,0,0,0
1485,5,0.5,100,5,0.25,75,0.1,0.2,2,135,0,0,0
1486,6,0.5,100,5,0.25,75,0.1,0.2,2,62,0,0,0
1487,7,0.5,100,5,0.25,75,0.1,0.2,2,112,0,0,0
1488,8,0.5,100,5,0.25,75,0.1,0.2,2,103,0,0,0
1489,9,0.5,100,5,0.25,75,0.1,0.2,2,115,0,0,0
1490,10,0.5,100,5,0.25,75,0.1,0.2,2,167,0,0,0
1491,1,1,100,5,0.25,75,0.1,0.2,2,85,0,0,0
1492,2,1,100,5,0.25,75,0.1,0.2,2,79,0,0,0
1493,3,1,100,5,0.25,75,0.1,0.2,2,171,0,0,0
1494,4,1,100,5,0.25,75,0.1,0.2,2,86,0,0,0
1495,5,1,100,5,0.25,75,0.1,0.2,2,135,0,0,0
1496,6,1,100,5,0.25,75,0.1,0.2,2,62,0,0,0
1497,7,1,100,5,0.25,75,0.1,0.2,2,112,0,0,0
1498,8,1,100,5,0.25,75,0.1,0.2,2,103,0,0,0
1499,9,1,100,5,0.25,75,0.1,0.2,2,115,0,0,0
1500,10,1,100,5,0.25,75,0.1,0.2,2,167,0,0,0
1501,1,0.2,100,5,0.5,75,0.1,0.2,2,189,2116,3.832561437,6015
1502,2,0.2,100,5,0.5,75,0.1,0.2,2,137,2003,2.071892162,6279
1503,3,0.2,100,5,0.5,75,0.1,0.2,2,90,2306,3.50008673,7103.5
1504,4,0.2,100,5,0.5,75,0.1,0.2,2,126,2153,2.558615885,7140
1505,5,0.2,100,5,0.5,75,0.1,0.2,2,126,2010,3.867313433,4818.5
1506,6,0.2,100,5,0.5,75,0.1,0.2,2,98,2291,2.420820602,7010.5
1507,7,0.2,100,5,0.5,75,0.1,0.2,2,83,2072,5.345994208,7458.5
1508,8,0.2,100,5,0.5,75,0.1,0.2,2,160,2129,4.285908877,6536.5
1509,9,0.2,100,5,0.5,75,0.1,0.2,2,139,2060,4.09815534,5320
1510,10,0.2,100,5,0.5,75,0.1,0.2,2,102,2069,1.847897535,6193.5
1511,1,0.5,100,5,0.5,75,0.1,0.2,2,189,2116,3.832561437,6015
1512,2,0.5,100,5,0.5,75,0.1,0.2,2,137,2003,2.071892162,6279
1513,3,0.5,100,5,0.5,75,0.1,0.2,2,90,2306,3.50008673,7103.5
1514,4,0.5,100,5,0.5,75,0.1,0.2,2,126,2153,2.558615885,7140
1515,5,0.5,100,5,0.5,75,0.1,0.2,2,126,2010,3.867313433,4818.5
1516,6,0.5,100,5,0.5,75,0.1,0.2,2,98,2291,2.420820602,7010.5
1517,7,0.5,100,5,0.5,75,0.1,0.2,2,83,2072,5.345994208,7458.5
1518,8,0.5,100,5,0.5,75,0.1,0.2,2,160,2129,4.285908877,6536.5
1519,9,0.5,100,5,0.5,75,0.1,0.2,2,139,2060,4.09815534,5320
1520,10,0.5,100,5,0.5,75,0.1,0.2,2,102,2069,1.847897535,6193.5
1521,1,1,100,5,0.5,75,0.1,0.2,2,189,2116,3.832561437,6015
1522,2,1,100,5,0.5,75,0.1,0.2,2,137,2003,2.071892162,6279
1523,3,1,100,5,0.5,75,0.1,0.2,2,90,2306,3.50008673,7103.5
1524,4,1,100,5,0.5,75,0.1,0.2,2,126,2153,2.558615885,7140
1525,5,1,100,5,0.5,75,0.1,0.2,2,126,2010,3.867313433,4818.5
1526,6,1,100,5,0.5,75,0.1,0.2,2,98,2291,2.420820602,7010.5
1527,7,1,100,5,0.5,75,0.1,0.2,2,83,2072,5.345994208,7458.5
1528,8,1,100,5,0.5,75,0.1,0.2,2,160,2129,4.285908877,6536.5
1529,9,1,100,5,0.5,75,0.1,0.2,2,139,2060,4.09815534,5320
1530,10,1,100,5,0.5,75,0.1,0.2,2,102,2069,1.847897535,6193.5
1531,1,0.2,100,5,0.1,75,0.25,0.2,2,33,0,0,0
1532,2,0.2,100,5,0.1,75,0.25,0.2,2,49,0,0,0
1533,3,0.2,100,5,0.1,75,0.25,0.2,2,87,0,0,0
1534,4,0.2,100,5,0.1,75,0.25,0.2,2,44,0,0,0
1535,5,0.2,100,5,0.1,75,0.25,0.2,2,34,0,0,0
1536,6,0.2,100,5,0.1,75,0.25,0.2,2,38,0,0,0
1537,7,0.2,100,5,0.1,75,0.25,0.2,2,52,0,0,0
1538,8,0.2,100,5,0.1,75,0.25,0.2,2,30,0,0,0
1539,9,0.2,100,5,0.1,75,0.25,0.2,2,47,0,0,0
1540,10,0.2,100,5,0.1,75,0.25,0.2,2,41,0,0,0
1541,1,0.5,100,5,0.1,75,0.25,0.2,2,33,0,0,0
1542,2,0.5,100,5,0.1,75,0.25,0.2,2,49,0,0,0
1543,3,0.5,100,5,0.1,75,0.25,0.2,2,87,0,0,0
1544,4,0.5,100,5,0.1,75,0.25,0.2,2,44,0,0,0
1545,5,0.5,100,5,0.1,75,0.25,0.2,2,34,0,0,0
1546,6,0.5,100,5,0.1,75,0.25,0.2,2,38,0,0,0
1547,7,0.5,100,5,0.1,75,0.25,0.2,2,52,0,0,0
1548,8,0.5,100,5,0.1,75,0.25,0.2,2,30,0,0,0
1549,9,0.5,100,5,0.1,75,0.25,0.2,2,47,0,0,0
1550,10,0.5,100,5,0.1,75,0.25,0.2,2,41,0,0,0
1551,1,1,100,5,0.1,75,0.25,0.2,2,33,0,0,0
1552,2,1,100,5,0.1,75,0.25,0.2,2,49,0,0,0
1553,3,1,100,5,0.1,75,0.25,0.2,2,87,0,0,0
1554,4,1,100,5,0.1,75,0.25,0.2,2,44,0,0,0
1555,5,1,100,5,0.1,75,0.25,0.2,2,34,0,0,0
1556,6,1,100,5,0.1,75,0.25,0.2,2,38,0,0,0
1557,7,1,100,5,0.1,75,0.25,0.2,2,52,0,0,0
1558,8,1,100,5,0.1,75,0.25,0.2,2,30,0,0,0
1559,9,1,100,5,0.1,75,0.25,0.2,2,47,0,0,0
1560,10,1,100,5,0.1,75,0.25,0.2,2,41,0,0,0
1561,1,0.2,100,5,0.25,75,0.25,0.2,2,103,0,0,0
1562,2,0.2,100,5,0.25,75,0.25,0.2,2,31,0,0,0
1563,3,0.2,100,5,0.25,75,0.25,0.2,2,44,0,0,0
1564,4,0.2,100,5,0.25,75,0.25,0.2,2,31,0,0,0
1565,5,0.2,100,5,0.25,75,0.25,0.2,2,86,0,0,0
1566,6,0.2,100,5,0.25,75,0.25,0.2,2,55,0,0,0
1567,7,0.2,100,5,0.25,75,0.25,0.2,2,87,0,0,0
1568,8,0.2,100,5,0.25,75,0.25,0.2,2,36,0,0,0
1569,9,0.2,100,5,0.25,75,0.25,0.2,2,64,0,0,0
1570,10,0.2,100,5,0.25,75,0.25,0.2,2,79,0,0,0
1571,1,0.5,100,5,0.25,75,0.25,0.2,2,103,0,0,0
1572,2,0.5,100,5,0.25,75,0.25,0.2,2,31,0,0,0
1573,3,0.5,100,5,0.25,75,0.25,0.2,2,44,0,0,0
1574,4,0.5,100,5,0.25,75,0.25,0.2,2,31,0,0,0
1575,5,0.5,100,5,0.25,75,0.25,0.2,2,86,0,0,0
1576,6,0.5,100,5,0.25,75,0.25,0.2,2,55,0,0,0
1577,7,0.5,100,5,0.25,75,0.25,0.2,2,87,0,0,0
1578,8,0.5,100,5,0.25,75,0.25,0.2,2,36,0,0,0
1579,9,0.5,100,5,0.25,75,0.25,0.2,2,64,0,0,0
1580,10,0.5,100,5,0.25,75,0.25,0.2,2,79,0,0,0
1581,1,1,100,5,0.25,75,0.25,0.2,2,103,0,0,0
1582,2,1,100,5,0.25,75,0.25,0.2,2,31,0,0,0
1583,3,1,100,5,0.25,75,0.25,0.2,2,44,0,0,0
1584,4,1,100,5,0.25,75,0.25,0.2,2,31,0,0,0
1585,5,1,100,5,0.25,75,0.25,0.2,2,86,0,0,0
1586,6,1,100,5,0.25,75,0.25,0.2,2,55,0,0,0
1587,7,1,100,5,0.25,75,0.25,0.2,2,87,0,0,0
1588,8,1,100,5,0.25,75,0.25,0.2,2,36,0,0,0
1589,9,1,100,5,0.25,75,0.25,0.2,2,64,0,0,0
1590,10,1,100,5,0.25,75,0.25,0.2,2,79,0,0,0
1591,1,0.2,100,5,0.5,75,0.25,0.2,2,119,0,0,0
1592,2,0.2,100,5,0.5,75,0.25,0.2,2,32,0,0,0
1593,3,0.2,100,5,0.5,75,0.25,0.2,2,173,0,0,0
1594,4,0.2,100,5,0.5,75,0.25,0.2,2,86,0,0,0
1595,5,0.2,100,5,0.5,75,0.25,0.2,2,38,0,0,0
1596,6,0.2,100,5,0.5,75,0.25,0.2,2,196,0,0,0
1597,7,0.2,100,5,0.5,75,0.25,0.2,2,133,0,0,0
1598,8,0.2,100,5,0.5,75,0.25,0.2,2,92,0,0,0
1599,9,0.2,100,5,0.5,75,0.25,0.2,2,121,0,0,0
1600,10,0.2,100,5,0.5,75,0.25,0.2,2,310,0,0,0
1601,1,0.5,100,5,0.5,75,0.25,0.2,2,119,0,0,0
1602,2,0.5,100,5,0.5,75,0.25,0.2,2,32,0,0,0
1603,3,0.5,100,5,0.5,75,0.25,0.2,2,173,0,0,0
1604,4,0.5,100,5,0.5,75,0.25,0.2,2,86,0,0,0
1605,5,0.5,100,5,0.5,75,0.25,0.2,2,38,0,0,0
1606,6,0.5,100,5,0.5,75,0.25,0.2,2,196,0,0,0
1607,7,0.5,100,5,0.5,75,0.25,0.2,2,133,0,0,0
1608,8,0.5,100,5,0.5,75,0.25,0.2,2,92,0,0,0
1609,9,0.5,100,5,0.5,75,0.25,0.2,2,121,0,0,0
1610,10,0.5,100,5,0.5,75,0.25,0.2,2,310,0,0,0
1611,1,1,100,5,0.5,75,0.25,0.2,2,119,0,0,0
1612,2,1,100,5,0.5,75,0.25,0.2,2,32,0,0,0
1613,3,1,100,5,0.5,75,0.25,0.2,2,173,0,0,0
1614,4,1,100,5,0.5,75,0.25,0.2,2,86,0,0,0
1615,5,1,100,5,0.5,75,0.25,0.2,2,38,0,0,0
1616,6,1,100,5,0.5,75,0.25,0.2,2,196,0,0,0
1617,7,1,100,5,0.5,75,0.25,0.2,2,133,0,0,0
1618,8,1,100,5,0.5,75,0.25,0.2,2,92,0,0,0
1619,9,1,100,5,0.5,75,0.25,0.2,2,121,0,0,0
1620,10,1,100,5,0.5,75,0.25,0.2,2,310,0,0,0
